Player,Matches,Hand Preference,Hard +/- %,Clay +/- %,Grass +/- %
Arantxa Sanchez Vicario,496,0.0012218714998472047,-0.050031269543464596,0.10049802068701319,0.17195121951219527
Tami Whitlinger Jones,73,0,-0.07233626588465292,-0.003722084367245637,0.009216589861751112
Christina Singer,55,0,-0.08026755852842793,-0.5217391304347825,0.5473145780051152
Zina Garrison,51,0,-0.23717948717948711,-0.6730769230769231,0.604895104895105
Meike Babel,69,0,-0.04608294930875578,0.08282476024411523,-0.25806451612903225
Chanda Rubin,456,0.043054305430543005,-0.006324740898219661,-0.019718309859155014,0.08205756276791165
Karina Habsudova,263,0,0.02619843924191745,0.14347826086956506,-0.43947144075021316
Mary Joe Fernandez,193,0,0.018188976377952804,0.06377952755905514,0.08548931383577063
Linda Wild,90,0,0.055347091932457904,-0.4512195121951219,-0.4512195121951219
Ruxandra Dragomir Ilie,326,0.023636363636363678,-0.0709603875748076,0.1519881950916433,0.08090185676392547
Amanda Coetzer,548,-0.09811990335246146,-0.030088495575221308,0.12961580836620823,-0.19174041297935107
Naoko Sawamatsu,151,0,0.017842981760507692,-0.2256410256410255,0.032478632478632585
Laurence Courtois,147,0,-0.06010230179028142,0.0808823529411764,0.023993808049535437
Kimiko Date Krumm,269,0,-0.015655651124188985,-0.07335359675785214,0.09843111970771545
Jana Novotna,286,0,-0.05375209781826895,-0.029289754871150264,0.163953488372093
Helena Sukova,106,0,-0.24898785425101222,-0.03441295546558709,0.19909502262443435
Lisa Raymond,523,-0.11844499586435075,0.008622405812969802,-0.16107198748043816,0.04520365435858409
Angelica Gavaldon,63,0,0.11348837209302332,-0.22461538461538455,0.008000000000000007
Joannette Kruger,259,0,0.12203412423353766,-0.014759586122945811,-0.6202346041055719
Lori Mcneil,84,0,-0.1333333333333333,-0.5333333333333332,0.3787878787878789
Barbara Paulus,164,0,-0.07169811320754726,0.0811548079108888,-0.38113207547169814
Sabine Appelmans,284,0,-0.0042657628703325345,-0.04665174728869015,0.10869118553523727
Radka Bobkova,60,0,-0.09774436090225569,0.1278195488721805,-1.0
Elena Makarova,107,0,-0.08285714285714285,-0.02304347826086961,-0.1975
Radomira Zrubakova,57,0,-0.41836734693877553,0.029556650246305383,0.5079365079365081
Sung Hee Park,83,0,-0.03585858585858592,0.31746031746031744,-0.2314814814814815
Marianne Werdel Witmeyer,71,0,0.012907608695652106,-0.4453125,-0.4453125
Natalia Zvereva,261,0,-0.025250836120401465,0.04567307692307687,0.12750836120401332
Silvia Farina Elia,580,-0.011627906976744207,-0.12269163992213405,0.14288931426641138,-0.10619221070327822
Judith Wiesner,139,0,-0.048556149732620346,-0.032172869147659044,0.1992156862745098
Shaun Stafford,40,0,0.05263157894736836,-0.04761904761904756,0.4285714285714286
Kyoko Nagatsuka,53,0,0.07070707070707072,0.12169312169312163,-0.36904761904761907
Martina Hingis,651,-0.062037351443123945,-0.012215563951014752,0.014549883443778056,-0.05701373196593085
Sandra Cacic,113,0,0.21592539454806303,-0.448780487804878,0.102439024390244
Amy Frazier,448,0.044303797468354444,0.0780437044745057,-0.23003701745108418,-0.16625310173697272
Anke Huber,386,-0.023271005144116952,-0.03502134908519727,0.029578471064539036,0.17206477732793513
Nicole Bradtke,61,0,-0.016129032258064502,-0.18975332068311201,0.31182795698924726
Yayuk Basuki,163,0,0.024042527485804044,-0.33230926779313885,0.259744623655914
Dally Randriantefy,116,0,-0.09335649153278336,0.2030779524924724,-1.0
Mary Pierce,486,-0.14713742419570364,-0.013798701298701421,0.01958041958041945,0.01958041958041945
Lindsay Davenport,776,-0.10347262809273328,0.008062647134162049,0.00032226877215602023,-0.031082301684288827
Wiltrud Probst,49,0,0.0888888888888888,0.16666666666666674,-0.3466666666666667
Miriam Oremans,267,0,-0.1766190075693861,-0.10944340212632897,0.34378629500580726
Sandrine Testud,444,-0.019470899470899417,0.05372754972363003,-0.02272285880753544,-0.1326242674191448
Anna Smashnova,475,-0.041871921182266014,-0.08957321748019409,0.17500157559715146,-0.6317829457364341
Sarah Pitkowski Malcor,218,0,-0.11415873015873013,0.1246031746031746,-0.26722689075630246
Brenda Schultz Mccarthy,192,0,-0.015165031222123204,-0.12691194708557252,0.08474576271186418
Irina Spirlea,293,0,-0.10012285012285016,0.15117263056092844,0.008953168044077087
Yone Kamio,50,0,0.034482758620689724,-0.1428571428571429,0.0
Kristie Boogert,192,0,0.022831050228310446,-0.05185185185185193,0.06666666666666665
Veronika Martinek,40,0,-0.5918367346938775,0.1981566820276499,-1.0
Conchita Martinez,605,0.013584117032392817,-0.054299087125069256,0.11077525888609019,0.026319847838379706
Ai Sugiyama,757,0.020414312617702435,0.06454843597567295,-0.1265167870170476,-0.037094334433443454
Jolene Watanabe,71,0,0.07200929152148672,-0.5170068027210885,-0.4365079365079365
Lea Ghirardi,56,0,0.06666666666666665,0.08387096774193536,-1.0
Dominique Monami,279,0.023430962343096273,0.03279958677685957,-0.06060606060606055,-0.040520334928229595
Florencia Labat,194,0,0.10227272727272707,-0.00562169312169325,-0.056944444444444464
Shi Ting Wang,166,0,0.1279255096048988,-0.391941391941392,-0.543956043956044
Elena Likhovtseva,644,0.013843133339988656,-0.033466523730630526,0.03361027190332333,0.17761170297344564
Iva Majoli,377,-0.02641065830721001,-0.12199179327936116,0.10182507850635814,-0.06296603148301572
Meredith Mcgrath,54,0,-0.4193548387096775,-0.12903225806451613,0.3935483870967742
Mariaan De Swardt,113,0,-0.012237762237762295,-0.10848126232741617,0.1853146853146852
Magdalena Maleeva,472,0.022829631930423977,-0.14302802460697206,0.016007761338830973,0.15182693576045359
Nathalie Tauziat,406,0,-0.06299501704694466,-0.13992900492385218,0.2952557373675002
Virginia Ruano Pascual,400,-0.022079772079772075,-0.010094431781178859,0.04146030847601523,-0.05405405405405406
Nancy Feber,44,0,-0.17647058823529416,0.2941176470588236,0.2078431372549021
Paola Suarez,385,-0.02651515151515149,-0.14784756527875798,0.13230323515210052,-0.028669724770642113
Adriana Serra Zanetti,167,0,-0.1164021164021164,0.010080645161290258,-0.005952380952380931
Patricia Hy Boulais,105,0,-0.34375,0.21153846153846168,0.575
Ann Grossman,87,0,-0.08300395256916993,0.14004914004914015,-0.34090909090909083
Julie Halard Decugis,257,0,-0.018684451685164416,0.07178349600709844,0.2892976588628764
Gabriela Sabatini,85,0,0.03128991060025532,-0.02298850574712652,0.1724137931034484
Els Callens,212,0,-0.1374321880650995,-0.05975723622782447,0.15958815958815964
Catalina Cristea,139,0,-0.2771999999999999,0.30823529411764716,-0.3584615384615384
Petra Begerow,65,0,-0.15217391304347838,0.22209165687426546,-1.0
Steffi Graf,205,0,-0.02729931751706216,0.04013981283120982,0.015431510763955103
Rennae Stubbs,44,0,-0.05982905982905984,-1.0,0.1282051282051282
Ines Gorrochategui,92,0,-0.16109422492401226,-0.021276595744680993,0.22340425531914887
Lindsay Lee Waters,101,0,-0.024154589371980673,-0.06481481481481477,-0.5324074074074074
Jana Nejedly,163,0,-0.004669540229884972,0.21807065217391308,-0.5755208333333334
Rachel Mcquillan,138,0,0.19999999999999996,-0.31851851851851853,-0.5157894736842106
Jana Kandarr,183,0,0.019157941635107978,0.1055437100213219,-0.18059701492537317
Larisa Savchenko,109,0,-0.15251196172248804,-0.07102272727272729,0.5244755244755244
Mana Endo,73,0,0.11933333333333351,-0.7296296296296296,0.08148148148148149
Rita Grande,377,0.14629542236904197,0.0437430786267996,-0.010688684075780941,-0.11419172932330823
Gigi Fernandez,48,0,0.05494505494505497,-1.0,0.21904761904761894
Karin Kschwendt,67,0,0.1166666666666667,-0.21176470588235297,-0.1066666666666668
Sabine Hack,75,0,-0.15069686411149819,0.11346765641569467,0
Naoko Kijimuta,81,0,0.021008403361344463,0.19117647058823528,-0.04705882352941171
Nicole Arendt,73,0,-0.055294117647058716,-0.24221453287197225,0.32126696832579205
Janet Lee,114,0,0.1741573033707866,-1.0,-0.20833333333333337
Kimberly Po Messerli,143,0,0.18288077683869797,-0.49780509218612823,-0.10133542812254526
Asa Carlsson,277,0,-0.07769145394006649,0.14478578316572532,-0.41806722689075626
Katarina Studenikova,123,0,-0.09748427672955973,0.050907796368814484,-0.07169811320754715
Anne Miller,78,0,-0.1428571428571428,0.1729323308270676,-0.07142857142857151
Erika De Lone,75,0,0.24584717607973405,-0.23469387755102056,-0.025974025974026094
Monica Seles,427,0,0.022925999568790045,-0.005476520206471047,-0.0735700197238659
Sandra Cecchini,65,0,-1.0,0.09090909090909083,-1.0
Alexia Dechaume Balleret,126,0,-0.0360655737704918,0.057777777777777706,0.018181818181818077
Ludmila Richterova,70,0,-0.2758620689655171,0.3611111111111114,-1.0
Fang Li,96,0,0.08027006751687926,-0.007751937984496249,-1.0
Elena Tatarkova,89,0,-0.011111111111111183,0.06635944700460827,0.15584415584415567
Barbara Rittner,262,0,-0.11663932932385634,0.06663343303423064,0.06905210295040809
Tatiana Panova,324,0,0.0326904217064401,-0.16572252549181177,0.14639540026536935
Tina Krizan,64,0,0.025641025641025772,0.06666666666666665,-0.23809523809523814
Meilen Tu,255,0,0.02423349846030276,-0.20638008169616806,0.31443298969072164
Rika Hiraki,61,0,0.16067653276955607,-1.0,-0.20779220779220786
Laura Golarsa,80,0,-0.1534391534391536,-0.288888888888889,0.4814814814814814
Kristine Kunce,55,0,-0.8868312757201646,-0.32098765432098764,0.5432098765432098
Petra Langrova,50,0,-0.0430622009569378,0.0835913312693497,-1.0
Maria Vento Kabchi,271,0,0.006274007682458338,-0.10413223140495864,0.05584415584415581
Maria Sanchez Lorenzo,301,0,-0.1908602150537635,0.16819556451612905,-0.06637717121588083
Nana Smith,79,0,0.13156498673740047,-1.0,-0.2216748768472907
Annabel Ellwood,76,0,0.20634920634920628,-1.0,-1.0
Angeles Montolio,171,0,-0.3936170212765957,0.21042471042471056,-0.3214285714285714
Alexandra Fusai,160,0,-0.09604519774011311,0.20527306967984926,-0.4576271186440678
Kristina Brandi,264,0,0.007520484902907354,-0.13179863394889957,0.2784503631961259
Tamarine Tanasugarn,595,0.13723089911355002,-0.0024616441493017227,-0.5707070707070707,0.31426974664679563
Barbara Schett,474,-0.13658536585365855,-0.06860176503033655,0.1254160564505391,-0.08494208494208488
Maureen Drake,99,0,-0.042964554242749586,0.16787658802177874,-0.1858552631578947
Anne Kremer,385,0,-0.1194845763373682,0.1706497386109036,0.12244897959183687
Francesca Lubiani,80,0,0.0,-0.01477832512315258,-0.4285714285714285
Aleksandra Olsza,50,0,0.1513157894736843,-0.0430622009569378,-0.24812030075187974
Anna Kournikova,302,0,0.002006172839505993,0.03063492063492057,0.1439393939393938
Sandra Kleinova,173,0,-0.02093944538766279,-0.12026442918891433,-0.3610341643582641
Kerry Anne Guse,70,0,-0.3137254901960784,-1.0,0.30030959752321973
Venus Williams,1063,-0.05322865893111328,0.005104370391227242,-0.03720992550511815,0.05579447482132238
Flora Perfetti,75,0,0.06490872210953347,0.0237068965517242,-0.13793103448275867
Janette Husarova,170,0,0.040000000000000036,0.014925373134328401,-1.0
Jing Qian Yi,66,0,-0.018181818181818188,0.11111111111111116,0.0
Denisa Chladkova,296,0,0.0183486238532109,0.057655038759689914,-0.05787037037037046
Sonya Jeyaseelan,103,0,-0.27371794871794863,0.4405594405594404,-0.33974358974358976
Marlene Weingartner,214,0,0.08197074010327032,-0.02846167277806877,-0.1796276013143483
Yuka Yoshida,101,0,0.14437134502923987,-0.48989898989898983,-0.3765432098765432
Magdalena Grzybowska,132,0,0.04018912529550822,0.003968253968253954,-0.12698412698412698
Lenka Nemeckova,72,0,-0.17948717948717952,0.10769230769230775,-1.0
Henrieta Nagyova,368,-0.15859872611464965,-0.04823483770852188,0.09426107641986325,-0.4821277793414016
Cristina Torrens Valero,261,-0.11815476190476187,-0.35639195327709283,0.21043478260869564,-0.20565217391304358
Patty Schnyder,870,-0.018542395775772103,0.018593476614524818,0.05187249137708827,-0.2947470817120623
Petra Mandula,162,0,-0.3059396299902629,0.267245057602048,-0.4141048824593129
Selima Sfar,103,0,-0.2334883720930232,0.3773255813953489,-0.34672304439746304
Larissa Schaerer,48,0,0.06666666666666665,-0.01538461538461533,0
Fabiola Zuluaga,242,0,-0.13571428571428568,0.18048780487804894,-0.7119047619047618
Vilmarie Castellvi,43,0,0.023809523809523947,-0.014109347442680775,0
Sandra Dopfer,44,0,-0.24786324786324798,0.1671087533156499,-1.0
Nicole Pratt,366,0,0.07224641186905334,-0.21078167115902957,0.07064501974550241
Elena Pampoulova,88,0,0.04310344827586188,0.04499999999999993,-0.08333333333333337
Nathalie Dechy,572,-0.0992534036012297,0.017747747747747677,0.004864864864864815,-0.046666666666666634
Amelie Cocheteux,76,0,0.1692307692307693,0.03167420814479649,-0.6346153846153846
Amelie Mauresmo,659,-0.023258504975700145,0.010501178318931714,-0.0013996529786003409,-0.022018981880931765
Gloria Pizzichini,56,0,-0.8205128205128205,0.38541666666666674,0.0
Brie Rippner,52,0,-0.01038062283737018,-0.3202614379084968,0.5294117647058822
Samantha Smith,48,0,-0.5555555555555556,0.5,-0.05882352941176461
Eugenia Kulikovskaya,41,0,-0.14583333333333337,0.33986928104575176,-1.0
Tatiana Poutchek,168,0,0.09951334116462496,-0.08666453469779334,-0.22342064714946075
Miho Saeki,103,0,-0.15699404761904756,-0.10822510822510811,0.6349206349206349
Emmanuelle Gagliardi,311,0,-0.08056171470805618,0.12780019886529814,-0.04093075413512759
Silvija Talaja,282,0.08593227144960514,-0.07820402121623293,0.1448358208955225,-0.07402985074626867
Corina Morariu,184,0,-0.10725229826353422,0.2529792305073204,-0.23832052040212892
Tara Snyder,107,0,-0.11533691608102525,0.1482926829268294,0.0037523452157599557
Haruka Inoue,41,0,-0.1253333333333333,-1.0,0.3666666666666667
Gala Leon Garcia,254,0,-0.2854219948849104,0.17087480356207463,-0.3097826086956521
Tzipi Obziler,122,0,-0.015166340508806386,0.06507936507936507,-1.0
Shelley Stephens,52,0,-0.1333333333333333,-0.30666666666666653,0.617777777777778
Lubomira Bacheva,77,0,-0.4225,0.2078431372549019,-0.56
Pavlina Nola,87,0,-0.13289036544850497,0.27472527472527464,-1.0
Anne Gaelle Sidot,214,0,0.018374091209517607,-0.19850187265917607,0.0018726591760300781
Lilia Osterloh,217,0,0.11282051282051286,-0.33024691358024694,0.05246913580246915
Andrea Glass,123,0,-0.17004048582995968,0.24078947368421044,-0.280701754385965
Sandra Kloesel,70,0,0.053763440860215006,0.06666666666666665,-1.0
Trudi Musgrave,49,0,-1.0,0.01379310344827589,0.17763845350052265
Seda Noorlander,80,0,0.10769230769230775,-0.06341463414634152,0.16363636363636358
Meghann Shaughnessy,459,-0.011367127496159757,-0.014655172413793105,0.05420966524037252,-0.010775862068965525
Rita Kuti Kis,141,0,-0.6371590324240864,0.21941693402148132,-1.0
Jennifer Capriati,387,0,-0.010093328724507411,0.024267501677476933,0.08425055033019802
Adriana Gersi,143,0,-0.04528301886792452,0.1942468295700588,-0.70020964360587
Lisa Mcshea,109,0,-0.5697368421052632,0.06237816764132531,0.08117408906882573
Evie Dominikovic,123,0,-0.228494623655914,-0.47435897435897434,0.21006944444444442
Esme De Villiers,50,0,0,-0.04761904761904756,-0.1428571428571428
Gail Biggs,43,0,-1.0,-1.0,0.10912698412698418
Renee Reid,48,0,-1.0,0.24675324675324672,-0.47107438016528924
Bryanne Stewart,57,0,0.05857142857142872,0.2954545454545454,-0.3736263736263735
Cindy Watson,59,0,-0.3740053050397878,0.3078817733990149,-0.1522988505747126
Akiko Morigami,223,0,0.0045045045045044585,-0.18682968682968681,0.21758121758121773
Shinobu Asagoe,262,0,-0.06611328124999993,0.07926136363636349,0.09166666666666679
Mareze Joubert,43,0,-0.17307692307692302,0,0.06699751861042191
Olga Barabanschikova,154,0,-0.014084507042253502,-0.02487562189054726,0.24444444444444446
Mirjana Lucic,301,0,-0.11454804778035299,0.20489251297257227,0.011683738796415044
Anneliese Rose,40,0,0.03529411764705892,-0.02608695652173909,0
Iroda Tulyaganova,192,0,-0.039999999999999925,0.03977591036414552,0.2571428571428571
Jill Craybas,414,-0.054275473630312376,0.051948051948051965,-0.06686701728024036,-0.05118411000763934
Saori Obata,137,0,-0.02985645933014358,0.24545454545454537,-0.06590909090909092
Barbara Schwartz,98,0,-0.08837209302325577,0.13953488372093026,-0.43023255813953487
Alexandra Stevenson,205,0,0.0012210012210012167,-0.38988095238095233,0.3073979591836735
Magui Serna,384,-0.15234270414993306,-0.1578947368421052,0.19102353585112186,0.1925465838509317
Marion Maruska,58,0,0.44999999999999996,-0.061764705882352944,-0.42000000000000004
Patricia Wartusch,114,0,-0.36474164133738596,0.2910089224433767,0.03951367781155013
Antonella Serra Zanetti,143,0,0.027594136246047674,0.004683840749414525,-0.35147392290249435
Mariana Diaz Oliva,230,0,-0.16532258064516125,0.14288041707396548,-0.29339477726574503
Wynne Prakusya,109,0,0.1606481481481481,-0.810763888888889,-0.6215277777777779
Rochelle Rosenfield,45,0,0,-0.4642857142857143,0.1383928571428572
Alicia Molik,370,0.07455310199789689,0.08851987447698728,-0.26317401960784326,-0.003232758620689613
Amanda Grahame,60,0,-0.15393654524089317,0.1351351351351351,0.14864864864864868
Catalina Castano,238,0,-0.17656249999999996,0.15646258503401378,-1.0
Sandra Nacuk,52,0,-0.11111111111111105,-0.00694444444444442,0.4444444444444444
Serena Williams,978,0.008659521590556163,0.0011732229123533333,-0.024217687074829963,0.029574970484061325
Rika Fujiwara,63,0,0.08291203235591516,-0.3913043478260869,0.21739130434782616
Sarah Taylor,42,0,0.15808823529411775,-0.475,-1.0
Eva Dyrberg,50,0,0.07692307692307687,0.06666666666666665,-1.0
Mervana Jugic Salkic,48,0,-0.1794871794871794,0.0980392156862746,-1.0
Katalin Marosi,53,0,-0.6074074074074074,0.26190476190476186,-0.01851851851851849
Yamile Fors Guerra,49,0,0.45924764890282144,-0.37420178799489145,0
Daniela Olivera,46,0,0.1015325670498084,-0.3655172413793103,0
Leanne Baker,64,0,-0.16883116883116878,-1.0,0.3544973544973544
Emilie Loit,332,-0.015254237288135575,-0.17557697925796079,0.1891933086918416,-0.11443051480394772
Sylvia Plischke,143,0,-0.09165154264972775,0.18596491228070167,0.0035087719298245723
Elena Dementieva,720,-0.09460669128342847,0.005080649139249216,0.0018341660869014564,0.014432989690721598
Anca Barna,177,0,0.06146926536731634,-0.01055900621118011,-0.14492753623188415
Yoon Jeong Cho,116,0,0.09165302782324058,-0.7211538461538461,-0.07051282051282048
Kveta Peschke,214,0,-0.021896258503401378,0.09842995169082136,-0.13310185185185186
Cara Black,262,0,0.0025510204081631294,-0.11268472906403948,0.2512458471760797
Laura Granville,192,0,0.0020344980097302123,-0.4578823529411765,0.30316742081447967
Conchita Martinez Granados,90,0,0.16666666666666674,-0.07786885245901631,0.125
Eva Bes Ostariz,40,0,-0.2857142857142857,0.061224489795918435,-1.0
Tathiana Garbin,368,-0.10303030303030297,-0.08618171194858315,0.143915343915344,-0.5892857142857142
Jelena Kostanic Tosic,281,0,-0.0047225501770956635,0.103099173553719,-0.806473829201102
Nadia Petrova,688,-0.08209527986404253,-0.003741266621591244,0.016064089167537432,0.047559337214509556
Mashona Washington,118,0,-0.00421940928270037,-0.3389355742296919,0.4047619047619049
Samantha Reeves,87,0,0.050000000000000044,-0.0625,-0.1428571428571429
Ludmila Cervanova,175,0,-0.42434210526315785,0.18083670715249656,-0.18730650154798756
Nicole Sewell,48,0,0,-0.20879120879120883,0.03564727954971869
Monique Adamczak,50,0,-0.7142857142857143,0.33333333333333326,0.2666666666666666
Jelena Dokic,389,-0.0833194467588736,-0.047493647493647484,0.012769650384329312,0.11845888441633123
Tina Pisnik,227,0,-0.13879892662163407,0.11125945705384965,0.06074766355140193
Claudine Schaul,116,0,-0.08439587128111725,0.34259259259259256,-0.6931216931216931
Eleni Daniilidou,399,-0.04174425822470518,0.024891443948382275,-0.17571715263841337,0.19140041803523444
Milagros Sequera,107,0,-0.3188657407407407,0.15897973445143276,-0.11934156378600813
Zsofia Gubacsi,65,0,-0.6231884057971016,0.2025901942645698,-1.0
Margalita Chakhnashvili,43,0,-0.0444444444444444,0.023809523809523725,0
Amanda Hopmans,70,0,-0.2222222222222222,0.07207207207207222,0.03703703703703698
Marie Eve Pelletier,60,0,-0.3951612903225806,0.5625,0
Hana Sromova,41,0,-0.08012820512820507,0.13888888888888884,0.13888888888888884
Marissa Irvin,115,0,0.06679035250463805,0.13736263736263732,-0.6349206349206349
Katarina Srebotnik,447,-0.1164063640344476,-0.03663793103448265,0.11425010386373091,-0.2150383141762452
Justine Henin,553,0.03213697125068671,0.0005506607929515184,0.04522859864269546,0.02471855115026922
Kim Clijsters,594,0.041189931350114395,0.024159663865546133,-0.05714285714285716,-0.054621848739495826
Anastasia Myskina,387,0,-0.05296687295231162,-0.03579858379228951,0.10121951219512182
Marta Marrero,175,0,-0.10102739726027399,0.13684507837876003,-0.40068493150684936
Lina Krasnoroutskaya,129,0,0.040322580645161255,-0.06729699666295885,-0.014431239388794648
Miroslava Vavrinec,61,0,0.18611111111111112,-0.058641975308642014,-1.0
Daja Bedanova,134,0,0.10102707749766582,-0.24929971988795518,0.0009337068160597539
Stephanie Foretz Gacon,176,0,-0.006193078324225998,-0.09168184578020644,0.13348946135831374
Natalie Grandin,61,0,-0.4786324786324786,0.17307692307692313,0.29038461538461546
Kristen Van Elden,51,0,0,0,0.0
Na Li,512,-0.1340138674884438,-0.00017607042817124885,0.014745520849849258,0.012357884330202795
Tatiana Perebiynis,123,0,0.08712121212121215,-0.12299465240641716,0.15106951871657737
Maret Ani,103,0,-0.0037202380952380265,0.04586834733893563,-1.0
Virginie Razzano,406,0.10837868709265602,0.025252525252525304,0.008978675645342271,-0.023569023569023684
Jennifer Hopkins,106,0,0.096551724137931,-0.16453201970443343,-0.32698412698412693
Daniela Hantuchova,842,-0.005983545250560884,-0.015419375297288762,-0.026577494903286647,0.13210084033613456
Martina Sucha,225,0,0.08730670103092786,-0.12231819448314285,-0.33726067746686306
Francesca Schiavone,829,0.058084143949401534,-0.06474182677409357,0.1483007481648786,-0.10904431216931221
Rossana De Los Rios,178,0,0.02047502047502059,0.01885521885521868,-0.4606060606060606
Yuliya Beygelzimer,67,0,-0.19599999999999995,0.1725000000000001,-1.0
Maja Matevzic,102,0,-0.13461538461538458,0.09393491124260356,-0.1282051282051282
Maria Emilia Salerni,110,0,-0.1658240647118302,0.1742279832253144,-1.0
Sofia Arvidsson,317,0,0.0676165803108808,-0.0991551459293395,-0.4041353383458647
Kaia Kanepi,527,0.005054858934169348,0.027630381601805754,0.007414701963737613,-0.28377276433813525
Alina Jidkova,156,0,0.14099959366111325,-0.15217391304347827,-1.0
Bianka Lamade,49,0,0.15294117647058814,-0.09259259259259267,-0.020000000000000018
Vera Zvonareva,709,-0.09768111767247578,-0.0011641812680062147,0.02190541427633641,0.022808796007485865
Elena Bovina,234,0,-0.04959999999999998,0.08916363636363633,-0.06399999999999995
Nuria Llagostera Vives,194,0,-0.0746710526315788,0.10023148148148153,-0.6968749999999999
Anabel Medina Garrigues,585,-0.17432950191570884,-0.1217524008039903,0.1755142303898285,-0.17256011315417263
Gisela Dulko,382,0.10178571428571431,-0.0977889447236181,0.1434868421052633,-0.04500000000000004
Lina Stanciute,45,0,0.05882352941176472,-0.03571428571428581,0
Stephanie Cohen Aloro,120,0,-0.18604651162790697,0.24031007751937983,-0.6511627906976745
Greta Arn,155,0,-0.05797101449275366,0.0714285714285714,-0.09090909090909094
Martina Muller,176,0,-0.252403308741337,0.19312169312169303,-0.06878306878306883
Marie Gaiane Mikaelian,106,0,0.061326658322903516,-0.1166666666666667,0.03921568627450989
Sybille Bammer,280,0,0.01964246303244299,-0.017210144927536253,-0.14569031273836774
Lourdes Dominguez Lino,287,0,-0.2490842490842491,0.1514041514041513,-0.2991452991452991
Anastasia Rodionova,225,0,-0.025704809286898778,0.04166666666666674,-0.11616161616161613
Aniko Kapros,76,0,-0.15555555555555556,0.166240409207161,0.3411764705882352
Shuai Peng,547,0.11663539712320203,0.024020460897537177,-0.04667501770056093,-0.030786267995570382
Suchanun Viratprasert,46,0,-0.052767052767052625,0,0.21693121693121697
Akgul Amanmuradova,199,0,0.10610585697693709,-0.13327526132404177,-1.0
Tian Tian Sun,93,0,0.04018227009113495,-0.14522058823529416,-0.08823529411764708
Jelena Jankovic,877,-0.05246788131549651,-0.02781156804269358,0.08059174383927159,-0.0032758390159112194
Edina Gallovits Hall,131,0,-0.17803921568627457,0.1977142857142855,-0.476
Mandy Minella,187,0,-0.09097222222222223,0.1858536585365853,-1.0
Clarisa Fernandez,90,0,-0.29032258064516125,0.22448979591836737,-0.11111111111111116
Emma Laine,99,0,0.0,0.06451612903225823,-1.0
Myriam Casanova,73,0,-0.3658301158301158,0.33465818759936417,-0.15444015444015458
Abigail Spears,65,0,0.13636363636363646,-0.40909090909090906,-0.577922077922078
Samantha Stosur,839,0.046077519379844945,-0.03997149546981571,0.15399298245614035,-0.14801238390092875
Maria Elena Camerin,247,0,0.19045398009950243,-0.12286931818181823,-0.552536231884058
Camille Pin,132,0,0.125,-0.3583333333333334,-0.08333333333333337
Maria Jose Martinez Sanchez,212,0,-0.1493827160493827,0.14347357065803656,-0.1917211328976035
Julia Vakulenko,118,0,0.004069552349241556,0.05169340463458094,-0.2287581699346406
Svetlana Kuznetsova,913,-0.029886156406579212,-0.010121228368033863,0.0502615986972037,-0.0385549418667126
Roberta Vinci,610,0.1100513330021527,-0.03222830999686388,0.049612847720103215,0.04704026721098531
Su Wei Hsieh,345,-0.04455445544554454,0.0714285714285714,-0.2142857142857143,-0.09523809523809523
Angelique Widjaja,103,0,0.09707092713628662,-0.44919786096256686,-0.3267973856209151
Klara Koukalova,558,0.006999341238471679,-0.10443215956323126,0.10003538391548306,0.1439114391143912
Anne Keothavong,173,0,0.17408459595959602,-0.17619047619047612,-0.44816586921850077
Marion Bartoli,617,-0.1271022727272727,0.032369665861513575,-0.2114920910493827,0.16279468201754388
Elena Baltacha,142,0,0.18141233766233755,-0.2282608695652174,-0.2075892857142857
Ashley Harkleroad,126,0,0.06729411764705895,-0.024516129032258083,-0.496
Bethanie Mattek Sands,306,0,-0.05302248813699184,0.0471176625427745,0.12468193384223913
Zuzana Ondraskova,96,0,-0.288888888888889,0.28,-0.6
Varvara Lepchenko,354,0.2859146463634542,0.01502977597126387,0.08609779482262692,-0.3211888782358582
Alberta Brianti,142,0,0.0972727272727274,-0.00930232558139521,-0.716
Lubomira Kurhajcova,77,0,-0.15184893784421716,0.16431451612903225,-1.0
Iveta Benesova,403,0.1295499021526419,0.04555832295558315,0.042241379310344884,-0.5022233201581028
Jie Zheng,425,0,0.024822695035460862,-0.04517704517704524,-0.03456790123456799
Chanelle Scheepers,208,0,-0.04363505228993869,0.12075158883669501,-0.3965183752417796
Alona Bondarenko,314,0,-0.048009701811956074,0.08804817087025674,0.023389570552147187
Barbora Strycova,592,0.06002530044275772,-0.014294996751137212,-0.027611443779108513,0.14486638537271435
Casey Dellacqua,204,0,-0.07295711806990013,-0.11930926216640514,0.30334781497572205
Olga Puchkova,109,0,0.06616800920598398,-0.09917355371900827,-0.1742424242424243
Melinda Czink,246,0,0.102291639994879,-0.18115478171808985,-0.063343717549325
Yuliana Fedak,113,0,-0.10520361990950222,0.17463617463617487,-0.03418803418803418
Maria Fernanda Alves,66,0,0.10526315789473673,-0.10526315789473695,0
Aiko Nakamura,134,0,0.06966618287373016,-0.41654571843251087,-0.027576197387518042
Dinara Safina,453,0,-0.06593062407015904,0.12082950719314356,0.016835016835016647
Maria Sharapova,749,0.008511652083513788,-0.015724632270589067,0.03467228372685405,0.01810706494378267
Renata Voracova,76,0,-0.2657004830917875,0.30434782608695654,-1.0
Flavia Pennetta,700,-0.0009943181818181657,-0.012060559404670101,0.06324391543791075,-0.19168591224018472
Pemra Ozgen,56,0,-0.24615384615384617,0.21333333333333337,0
Karolina Sprem,204,0,-0.10653409090909083,0.07530120481927716,0.0625
Maria Kirilenko,493,-0.1630252100840337,0.04128470332063161,-0.023762376237623672,-0.19510204081632654
Marta Domachowska,175,0,-0.005102040816326592,0.09375,-0.2500000000000001
Vera Dushevina,312,-0.061151079136690656,0.05692533351959206,-0.08318978619920969,-0.15827338129496404
Zi Yan,92,0,0.022222222222222143,0.06153846153846154,-0.48888888888888893
Tsvetana Pironkova,428,-0.00330788804071247,-0.04783092324805338,-0.0034713402760138123,0.24804082376526337
Sania Mirza,250,0,0.07224364523490978,-0.4191835380019914,-0.13814331445456784
Andrea Koch Benvenuto,48,0,0.3866666666666667,-0.17575757575757578,0
Arantxa Parra Santonja,188,0,-0.09055727554179571,0.10588235294117654,-0.032352941176470695
Tatiana Golovin,207,0,0.005073649754500753,-0.054567307692307665,0.030316742081448078
Anna Lena Groenefeld,250,0,-0.05731523378582215,0.15740740740740722,-0.5069033530571991
Angela Haynes,51,0,0.1333333333333333,-1.0,-1.0
Viktoria Kutuzova,57,0,-0.18279569892473113,0.43939393939393945,-1.0
Julia Schruff,127,0,0.09482758620689657,0.007936507936507908,-1.0
Jarmila Gajdosova,249,0,-0.030785562632696384,0.13387978142076506,-0.07777777777777772
Kateryna Bondarenko,339,0,0.010077000334784092,-0.07975055025678646,0.1040229885057471
Kirsten Flipkens,440,0.006876993973768175,0.009595327492699202,-0.30047694753577103,0.25589476296847846
Eva Birnerova,88,0,0.059259259259259345,-0.04496124031007742,-0.022222222222222254
Shenay Perry,99,0,-0.04287515762925598,-0.25339366515837103,0.3961538461538463
Mara Santangelo,164,0,0.0226757369614512,-0.05555555555555558,0.08465608465608465
Jamea Jackson,82,0,-0.15141612200435728,0.09625668449197855,0.41868512110726663
Michaella Krajicek,199,0,0.00018966334755798897,-0.0690058479532164,0.14258373205741615
Severine Beltrame,125,0,0.11482720178372352,-0.2683946488294314,0.01902173913043481
Anastasia Yakimova,115,0,-0.0017361111111110494,0.017099056603773644,-0.1015625
Sesil Karatantcheva,142,0,0.02333562113932741,-0.08387096774193536,0.04105571847507328
Marina Erakovic,252,0,0.005747126436781658,-0.17931034482758623,0.13557993730407536
Aleksandra Wozniak,267,0,-0.10207988410596036,0.20248161764705874,-0.07291666666666674
Andreja Klepac,60,0,-0.1477272727272727,0.18577075098814233,0.36363636363636376
Timea Bacsinszky,328,0,-0.052670807453416124,0.11827130852340928,-0.06285714285714294
Monica Niculescu,398,0,0.07614347571236779,-0.2523907103825136,-0.17707871806232456
Anna Chakvetadze,309,-0.008234519104084348,0.02072072072072073,-0.10918918918918918,-0.006866325785244598
Evgenia Linetskaya,41,0,0.1063492063492062,-0.16326530612244905,-0.3492063492063493
Sanda Mamic,42,0,-0.17647058823529416,0.19999999999999996,-1.0
Ana Ivanovic,636,-0.01551956815114719,-0.007081126289378292,0.019196017593508197,-0.019183028661701518
Alisa Kleybanova,201,0,0.03478318262820923,-0.09942393855344567,-0.016513761467889854
Yvonne Meusburger,162,0,-0.1279503105590062,0.15905338470005503,-0.21739130434782616
Stephanie Dubois,102,0,0.030303030303030276,0.14478114478114468,-0.4380165289256198
Nicole Vaidisova,245,0,0.014492753623188248,-0.06105457909343204,-0.021739130434782483
Galina Voskoboeva,199,0,0.05774774774774771,-0.12601351351351353,-0.6158301158301158
Shahar Peer,506,0.0033492560259155146,0.0125037332005975,0.03352156674276108,-0.26064965718781596
Ekaterina Bychkova,97,0,0.19412878787878785,-0.5866477272727273,-0.39374999999999993
Olga Savchuk,113,0,-0.08378378378378382,0.2216216216216218,-1.0
Katie Obrien,50,0,0.36363636363636354,-0.43181818181818177,-0.24242424242424243
Elena Vesnina,511,-0.0021645021645021467,-0.011834777227722748,-0.022602370689655205,0.15563322368421062
Nina Bratchikova,46,0,0.17948717948717952,-0.14814814814814814,-1.0
Tamira Paszek,237,0,0.030163329820863893,-0.2558869701726846,0.2533653846153847
Agnes Szavay,207,0,-0.17500000000000004,0.1942307692307692,-0.21590909090909094
Johanna Larsson,373,0.08225108225108224,-0.027366051822573567,0.1038115530303032,-0.6260026737967914
Caroline Wozniacki,846,0.053425298106149155,0.012186978297161977,-0.035465613420741726,-0.011352253756260478
Victoria Azarenka,741,-0.04273278818253756,0.022957357603026862,-0.04480399007300684,-0.04823747680890533
Mariana Duque Marino,170,0,-0.2712798530312308,0.13304828973843041,-0.2018779342723005
Sharon Fichman,44,0,-0.3125,0.26923076923076916,-1.0
Alize Cornet,729,-0.13923985618900875,-0.02116368286445003,0.07227263661747108,-0.07926362522963859
Aravane Rezai,223,0,-0.08446890286512931,0.13652136196052922,-0.03577044025157239
Alexa Glatch,65,0,0.1054421768707483,-0.3434343434343434,-0.2777777777777778
Vania King,283,0,0.06686507936507935,-0.08754960317460314,-0.40893901420217216
Pauline Parmentier,325,0,0.03103448275862064,0.04409448818897643,-0.5047619047619047
Yaroslava Shvedova,327,0,-0.10103092783505163,0.1267415730337078,0.18909090909090898
Lucie Safarova,627,0.07019064124783359,-0.030064568200161235,0.048039314010630996,0.01210653753026647
Laura Pous Tio,100,0,-0.7493734335839599,0.24653739612188352,-1.0
Meng Yuan,53,0,0.1777777777777778,-1.0,-1.0
Masa Zec Peskiric,46,0,-0.23333333333333328,0.2321428571428572,-1.0
Evgeniya Rodina,187,0,0.054511278195488844,-0.3321428571428572,0.33571428571428563
Stefanie Voegele,284,0,0.06171186251534411,0.017568192325473797,-0.498676081200353
Dominika Cibulkova,641,0.04445407279029456,-0.011161524500907571,0.024600389863547623,0.04423558897243107
Magdalena Rybarikova,379,-0.057563025210083996,0.010255715189301684,-0.23257924870828095,0.25654121863799295
Anastasija Sevastova,370,0,-0.04586005018120998,0.08513490866432027,0.042892156862744946
Mathilde Johansson,118,0,-0.3543091655266758,0.1277476903472443,0.2473572938689219
Yung Jan Chan,138,0,0.055294117647058716,0.0036363636363636598,-0.4085714285714286
Anna Tatishvili,141,0,-0.19863597612958228,0.23935091277890463,-0.012605042016806789
Ayumi Morita,221,0,0.040000000000000036,-0.04568181818181816,-0.1963636363636363
Cagla Buyukakcay,117,0,-0.11180124223602483,0.17391304347826098,-1.0
Andrea Hlavackova,96,0,0.013664596273291973,-0.15604395604395593,0.14285714285714302
Romina Oprandi,137,0,-0.19524475524475526,0.20393939393939386,0.037878787878787845
Alla Kudryavtseva,218,0,0.005895924122020002,-0.0887632161298254,0.12564543889845092
Mariya Koryttseva,99,0,0.07317073170731692,-0.023871302542812778,-0.31010452961672474
Tatjana Maria,315,0,-0.12214107245819728,0.05184072126220873,0.30165289256198347
Urszula Radwanska,247,0,0.04078655934309339,-0.1920560747663551,0.07725856697819311
Agnieszka Radwanska,772,0.11924479638920793,0.012940972823264563,-0.028930817610062887,-0.0016535933856264284
Veronica Cepede Royg,117,0,-0.19456521739130428,0.21475409836065595,-0.4149999999999999
Karin Knapp,217,0,-0.09101294744859101,0.15021502150215027,-0.414041404140414
Sara Errani,673,-0.01957251149496697,-0.05365760122718988,0.1050903119868638,-0.33057029177718833
Lucie Hradecka,214,0,-0.12261632341723872,0.22694696607740084,-0.7415458937198067
Kristina Barrois,93,0,-0.452020202020202,0.3386363636363634,0.20779220779220764
Sabine Lisicki,380,0.03847167325428191,-0.025641025641025772,-0.11730545876887355,0.24404761904761885
Anastasia Pavlyuchenkova,672,0.06794060089789333,0.030968757485542175,-0.029033793431699095,-0.23036649214659688
Coco Vandeweghe,288,0,-0.0894613583138173,-0.06938775510204076,0.30612244897959173
Andrea Petkovic,507,-0.05062993053102549,-0.030391705069124475,0.10217391304347823,-0.130857142857143
Angelique Kerber,735,0.02726163663663661,-0.015494211106888311,-0.062173761744577116,0.1483510277840525
Raluca Olaru,98,0,0.055023923444976086,0.009153318077803174,-0.26315789473684215
Shuai Zhang,457,-0.12035566846617979,0.04926343688362911,-0.22185496794871795,0.1209772370486657
Sorana Cirstea,598,-0.021560846560846614,-0.0023129715997420863,0.02590302390468291,-0.07888656617889755
Olga Govortsova,322,-0.09440559440559443,0.06999434389140258,-0.14764705882352946,-0.09472318339100361
Yanina Wickmayer,457,0.09981056121240822,-0.012210869077026842,-0.008437801350048235,0.05518356037866545
Ling Zhang,52,0,0.005333333333333412,0,0
Teliana Pereira,97,0,-0.5046808510638299,0.24436795994993732,-1.0
Kate Makarova,480,-0.006896551724137945,-0.015130535485007979,-0.031200067277773247,0.13833992094861647
Petra Cetkovska,154,0,-0.14444444444444438,0.13844086021505375,0.06944444444444442
Michelle Larcher De Brito,100,0,-0.10447761194029859,0.11111111111111116,0.2865497076023391
Julia Goerges,554,0.14892402283706635,-0.0008738495863157558,0.0016848161084856983,0.010098176718092544
Madison Brengle,235,0,0.007718696397941871,-0.07114624505928857,0.06818181818181834
Vesna Dolonc,65,0,0.059782608695652106,-0.09722222222222232,0.015625
Julia Glushko,74,0,0.012158054711246091,0.10119047619047628,-1.0
Polona Hercog,378,0.0604448742746615,-0.24122210125204147,0.2915110954561464,-0.2455089820359282
Sandra Zahlavova,50,0,-0.07407407407407407,0.0,0.19047619047619047
Petra Martic,398,0,-0.0674193204814143,0.1006721720760515,0.07291399229781792
Estrella Cabeza Candela,54,0,-0.040000000000000036,0.030909090909090997,-1.0
Arantxa Rus,226,0,-0.09949287611687996,0.09681433549029372,-0.08130081300813019
Kristyna Pliskova,226,0,-0.018662232076866125,0.10064935064935066,-0.14393939393939392
Karolina Pliskova,617,0.05284307815953382,0.01691793106791417,-0.06068959842001309,0.005598072562358336
Petra Kvitova,784,-0.08628784512239895,-0.015711313580601072,-0.023698113207547,0.10943396226415114
Carla Suarez Navarro,596,-0.005276030747728866,-0.0740682879411203,0.1597321581869171,-0.08806528391703505
Kristina Kucova,109,0,-0.1659493065518891,0.16310975609756095,-0.0030487804878048808
Ulrikke Eikeri,43,0,-0.09473684210526323,0.07499999999999996,0
Julie Coin,48,0,0.33333333333333326,-0.2727272727272727,-1.0
Melanie Oudin,139,0,-0.11019661636945599,-0.11746031746031749,0.514161220043573
Patricia Mayr Achleitner,140,0,0.037805782060785775,0.013645224171539905,-0.5906432748538012
Rebecca Marino,119,0,0.042376893939394034,-0.23717948717948711,-0.03587962962962965
Xinyun Han,57,0,-0.057851239669421406,0.29545454545454564,-1.0
Arina Rodionova,48,0,-0.2727272727272727,0.4545454545454546,0.9393939393939394
Alexandra Panova,82,0,-0.028308097432521384,0.058064516129032295,-0.11827956989247312
Ekaterine Gorgodze,43,0,0.05392156862745101,0.1066176470588236,-1.0
Elitsa Kostova,45,0,-0.06250000000000011,0.125,0
Monica Puig,295,0,-0.03201851340149198,0.1297036297036298,-0.14128974473802058
Kristie Ahn,43,0,-0.0401785714285714,-0.2321428571428572,0.34375
Laura Robson,103,0,0.07681818181818167,0.05340909090909096,-0.20769230769230762
Nigina Abduraimova,50,0,0.020408163265305923,-1.0,0
Kirsten Andrea Weedon,41,0,0.17703349282296643,-0.20498614958448758,0
Alexandra Dulgheru,184,0,-0.12058823529411766,0.1424836601307189,0.15450980392156866
Zarina Diyas,232,0,0.047995482778091514,-0.16515151515151516,0.008695652173912993
Kai Chen Chang,105,0,0.11927398444252368,-0.6634615384615385,-0.6634615384615385
Kurumi Nara,209,0,0.05555555555555558,-0.022058823529411797,-0.3522727272727273
Ksenia Pervak,113,0,0.07120811287477968,-0.2433035714285714,0.008928571428571397
Vitalia Diatchenko,53,0,-0.03385416666666674,0.10416666666666674,-0.0185185185185186
Madison Keys,451,0.06234783529162691,-0.03628968615309902,-0.029625951671631956,0.24335839598997477
Olivia Rogowska,44,0,0.07755102040816331,-0.2142857142857143,-1.0
Christina Mchale,372,0,0.07030759573132439,-0.1227632126508531,-0.1455641688199828
Kristina Mladenovic,455,0.12077610638761715,-0.04868578255675027,0.014941077441077422,0.15856481481481488
Silvia Soler Espinosa,167,0,-0.2897395002658161,0.19124734914208585,0.17192982456140338
Maria Teresa Torro Flor,80,0,-0.17050691244239624,0.12903225806451601,-0.3548387096774194
Naomi Broady,66,0,0.3095238095238093,-1.0,-0.5
Irina Camelia Begu,446,0.07040704070407044,-0.08446235957152992,0.15571764480061412,-0.2858806404657934
Lesia Tsurenko,332,0.07446411929170549,0.05081266039349863,-0.12526946107784442,-0.027137214931838516
Sabina Sharipova,46,0,0.0,0,0
Ajla Tomljanovic,331,0,-0.012089237262586705,-0.0015919564306661194,0.06774193548387109
Bojana Jovanovski,231,0,0.10359567513200907,-0.28002877007911775,-0.1716718960107575
Simona Halep,638,-0.00991719622568843,-0.014338286349118046,0.029406417598400125,0.043790030632135934
Reka Luca Jani,46,0,0.15000000000000013,-0.11538461538461531,0
Alison Riske Amritraj,381,-0.12450481041312966,-0.018966825298296408,-0.34210259014728284,0.282223867537188
Sloane Stephens,491,-0.08259749816041206,-0.019858303332410343,0.04197722567287787,0.009694477085781417
Heather Watson,356,-0.19820872274143303,0.0504291845493563,-0.3325,0.01867469879518069
Paula Ormaechea,91,0,-0.39534883720930236,0.20465116279069773,-1.0
Irina Falconi,111,0,-0.18884615384615377,0.38749999999999996,-0.008928571428571397
Misaki Doi,271,0,0.030194417291191433,-0.22527158376214984,0.19760101010101017
Timea Babos,309,0,0.09834123222748814,-0.16146540027137046,-0.3203812316715542
Yulia Putintseva,413,0.06666666666666665,-0.04445925185555377,0.17176596886741824,-0.38610182088442957
Mona Barthel,321,0.14432989690721654,0.06060918946824989,-0.03962157354249207,-0.42972759573628105
Laura Siegemund,215,0,-0.18500369822485208,0.23203185703185691,-0.3108974358974359
Daria Saville,279,0.008196721311475419,-0.0122373585776957,0.135893485915493,-0.20180457746478875
Jamie Hampton,81,0,0.016883116883116944,-0.15625,0.15714285714285725
Shelby Rogers,252,0,0.02564674397859057,0.008474576271186418,-0.1610169491525424
Eugenie Bouchard,306,0,-0.05555555555555558,0.17748917748917736,-0.08602150537634412
Magda Linette,336,0,0.05439330543933063,-0.14687499999999998,-0.10909090909090902
Kiki Bertens,387,-0.15451895043731778,-0.14892681210415193,0.22024850149850161,-0.09069548872180444
Danka Kovinic,208,0,-0.24488448844884492,0.30429042904290404,-1.0
Mayar Sherif,85,0,-0.4097222222222222,0.590909090909091,-0.14141414141414144
Ons Jabeur,325,0.06563573883161511,-0.11382113821138207,0.1750358680057389,0.16260162601626016
Lara Arruabarrena,216,0,-0.24347826086956514,0.2158385093167703,-0.09698996655518388
Alexandra Cadantu Ignatik,94,0,0.07428571428571429,0.028571428571428692,-0.616326530612245
Aleksandra Krunic,207,0,-0.08793103448275852,0.10000000000000009,0.15000000000000013
Alison Van Uytvanck,279,0,0.0714285714285714,-0.14536340852130336,-0.1393869288606131
Caroline Garcia,575,-0.04307994328716325,-0.04541394188633463,0.04611804527184238,0.16682397357243972
Anett Kontaveit,357,0.019153897401732123,0.029768085842852177,-0.049745652431089415,-0.094392523364486
Saisai Zheng,220,0,0.09042553191489366,-0.3065405831363278,-0.44931163954943676
Johanna Konta,312,0,0.02945026178010468,-0.18324607329842935,0.05011219147344792
Jana Cepelova,152,0,-0.1208791208791209,0.21212121212121215,0.09803921568627438
Lauren Davis,307,-0.04471292854192482,0.05295492235790733,-0.15009629272989888,-0.025087329310892414
Camila Giorgi,392,0,-0.005962059620596261,-0.054545454545454564,0.08212560386473444
Mihaela Buzarnescu,128,0,-0.15254237288135597,0.13405238828967647,0.1932203389830509
Donna Vekic,387,0.09346567411083534,-0.015541443850267456,-0.11492281303602059,0.1664222873900294
Richel Hogenkamp,58,0,0.0,0.0043290043290042934,-0.011363636363636354
Annika Beck,202,0,-0.02939513849632558,0.07161803713527859,-0.07126436781609191
Ying Ying Duan,94,0,0.06639973306639968,-1.0,-0.15315315315315325
Garbine Muguruza,477,0.08391307024564432,0.007361938972881177,0.011396766498807276,-0.07077922077922083
Nicole Gibbs,93,0,0.1058688147295741,-0.487603305785124,-1.0
Elina Svitolina,536,0.13960072595281303,0.017602250087894067,0.014349023835189989,-0.20424178154825023
Aliaksandra Sasnovich,307,0,0.038721804511278046,-0.06549489395129615,-0.12478070175438594
Qiang Wang,274,0,0.07109923154026054,-0.16590563165905636,-0.3744292237442923
Maria Sakkari,373,-0.044069128043990546,-0.007439204413021594,0.03285584961925547,-0.027725118483412303
Ashleigh Barty,274,0,-0.008192036578395956,-0.02817733990147797,0.06724710734333827
Jessica Pegula,256,0,0.03508543106821449,-0.07615729218516676,-0.14146341463414625
Grace Min,44,0,-0.05882352941176472,0.1200000000000001,-1.0
Luksika Kumkhum,75,0,0.10085227272727271,-1.0,-0.4140625
Belinda Bencic,414,-0.0768670309653916,0.00026689516638822575,-0.0978988326848248,0.11723358855278043
Carina Witthoeft,117,0,0.10204081632653073,-0.1813411078717201,-0.01680672268907568
Rebecca Peterson,178,0,0.16754890678941314,-0.24894514767932485,-0.35623869801084995
Margarita Gasparyan,100,0,0.11564625850340127,-0.4897959183673469,-0.09297052154195018
Ana Konjuh,169,0,-0.04339622641509444,-0.011695906432748648,0.2017777777777776
Jelena Ostapenko,403,0.04533734422002578,-0.061046840870479624,0.020253164556962133,0.23697244506452741
Viktorija Golubic,200,0,-0.0022172949002217113,-0.15433403805496826,0.20320855614973254
Maryna Zanevska,82,0,-0.21997621878715812,0.2633895818048422,-1.0
Tereza Martincova,159,0,0.06555944055944041,-0.22287390029325516,0.0037878787878788955
Kateryna Baindl,175,0,-0.014639639639639546,0.14379084967320255,-0.4391025641025641
Beatriz Haddad Maia,190,0,-0.058641975308642014,0.009945130315500705,0.2794612794612794
Su Jeong Jang,45,0,-0.09774436090225569,1.3684210526315788,0
Tereza Smitkova,49,0,0.1342592592592593,-0.2932692307692307,0.02083333333333326
Anna Karolina Schmiedlova,266,0,-0.03159323707268913,0.13037565867754553,-0.6576576576576576
Risa Ozaki,57,0,0.10144927536231885,-0.3666666666666666,-0.4722222222222222
Taylor Townsend,89,0,-0.043010752688172005,0.1237373737373737,-0.011111111111111072
Sachia Vickery,86,0,0.08176100628930816,-0.16908212560386482,-0.0444444444444444
Katerina Siniakova,349,0.02990430622009571,-0.08879870590572403,0.1755239520958085,0.04491017964071853
Dalila Jakupovic,63,0,-0.015625,-0.015625,0.125
Ankita Raina,52,0,0.004545454545454408,0.2999999999999998,-1.0
Storm Hunter,52,0,0.12693498452012375,-0.23529411764705888,-1.0
Anna Lena Friedsam,145,0,0.0488245931283906,-0.049344375431331855,-0.030910609857978333
Barbora Krejcikova,186,0,0.007555238774055617,-0.06191304347826099,0.15527950310559002
Yafan Wang,119,0,0.09523809523809534,-0.5757575757575757,-0.29999999999999993
Lin Zhu,163,0,0.05264187866927594,-0.5534246575342465,-0.14120126448893577
Elizaveta Kulichkova,45,0,0.08996539792387548,-0.24369747899159666,-0.3382352941176471
Naomi Osaka,253,0,0.053212669683257996,-0.19864253393665166,-0.13839009287925697
Denisa Allertova,87,0,0.07781649245063882,-0.09059233449477355,-0.36341463414634145
Catherine Cartan Bellis,75,0,-0.022164276401564598,0.04895104895104874,0.15384615384615374
Veronika Kudermetova,250,0,-0.05063291139240489,0.10452586206896552,0.046798029556650134
Viktoriya Tomova,90,0,-0.03703703703703709,-0.03225806451612889,0.19047619047619047
Ana Bogdan,161,0,-0.05977327378907593,0.1163596966413869,-0.1901408450704225
Magdalena Frech,108,0,-0.12903225806451601,0.0,0.42105263157894735
Daria Kasatkina,413,-0.03971201212580522,-0.02406015037593978,0.04959568733153641,0.027874564459930307
Fiona Ferro,107,0,-0.1924528301886793,0.310204081632653,-1.0
Danielle Collins,207,0,0.0281456953642385,-0.029444861215303764,-0.22952853598014888
Ivana Jorovic,45,0,0.05769230769230771,-0.16666666666666674,0.25
Sara Sorribes Tormo,242,0,-0.0011257035647279645,0.026511134676564074,-0.1146341463414633
Patricia Maria Tig,86,0,-0.014729950900163602,0.07106227106227103,-0.4487179487179487
Louisa Chirico,55,0,-0.11111111111111105,0.28333333333333344,-1.0
Natalia Vikhlyantseva,95,0,0.0,-0.08333333333333348,0.16666666666666652
Nao Hibino,177,0,0.08174178762414064,-0.18433179723502302,-0.5402597402597402
Paula Badosa,169,0,-0.06972477064220184,0.15034033737792263,-0.17916891527253098
Oceane Dodin,112,0,0.08193202146690526,0.0017889087656528524,-0.6744186046511629
Julia Grabher,54,0,-0.4155844155844156,0.37142857142857144,-1.0
Marie Bouzkova,158,0,0.05033238366571702,-0.29068462401795725,0.026640675763482724
Ysaline Bonaventure,88,0,0.16470588235294126,-0.2941176470588236,-0.5686274509803921
Anhelina Kalinina,111,0,-0.0672268907563025,0.20344387755102034,-0.07499999999999996
Harriet Dart,95,0,-0.11263736263736257,-0.6122448979591837,0.28174603174603186
Sofia Kenin,220,0,0.014162151886702778,-0.15192743764172345,0.16402116402116396
Jil Teichmann,171,0,-0.024278362049675484,0.1803957662218132,-0.7682926829268293
Ekaterina Alexandrova,286,0,0.021428571428571352,-0.14626865671641798,0.15945945945945939
Jennifer Brady,141,0,0.0630952380952381,-0.2656249999999999,-0.02083333333333326
Marketa Vondrousova,225,0,0.011387473778843304,0.05525051475634846,-0.24012158054711252
Elise Mertens,377,-0.12922776148582593,0.002258866049243302,0.09728183118741063,-0.20980137738297233
Rebeka Masarova,43,0,0.023809523809523947,-0.06926406926406925,0.023809523809523947
Anna Blinkova,151,0,-0.08367933567550301,0.10703812316715533,0.2893738140417459
Camila Osorio,105,0,-0.08854166666666652,0.1914893617021276,-0.475
Nadia Podoroska,112,0,-0.12115505335844323,0.15762273901808777,0.03703703703703698
Anna Bondar,80,0,-0.30047694753577103,0.3529411764705881,-1.0
Dayana Yastremska,173,0,0.05047438330170784,-0.09542483660130718,-0.2171945701357465
Chloe Paquet,43,0,-0.49411764705882355,0.30869565217391304,0.43333333333333335
Renata Zarazua,42,0,-0.11111111111111116,0.20000000000000018,0
Vera Lapko,47,0,-0.02083333333333326,0.24338624338624348,-0.25396825396825395
Nina Stojanovic,64,0,-0.01449275362318847,-0.11111111111111116,0.33333333333333326
Elena Gabriela Ruse,77,0,0.048878205128205066,0.031249999999999778,-0.27812500000000007
Priscilla Hon,40,0,0.010101010101010166,0.8181818181818181,-1.0
Dalma Galfi,55,0,-0.032258064516129115,0.02941176470588225,0.0714285714285714
Anna Kalinskaya,117,0,0.09670781893004121,-0.006944444444444531,-0.638888888888889
Jana Fett,50,0,-0.04513888888888884,0.5625,-0.47916666666666674
Viktoria Hruncakova,141,0,0.022068298969072142,-0.04531249999999998,-0.05580357142857151
Caroline Dolehide,50,0,-0.030470914127423865,0.3157894736842106,-0.3421052631578947
Bianca Andreescu,143,0,0.06941226037497361,-0.058257345491387946,-0.2755825734549139
Aryna Sabalenka,371,0,0.019576964644125283,-0.016958134605193464,-0.08645690834473319
Xiyu Wang,98,0,0.027186374058303375,0.07955936352509174,-0.43023255813953487
Jaqueline Cristian,60,0,0.023255813953488413,0.0,-0.33333333333333337
Tamara Korpatsch,75,0,-0.051724137931034586,0.14864864864864868,-0.44444444444444453
Tamara Zidansek,165,0,-0.1437728937728937,0.20879120879120872,-0.23076923076923073
Martina Trevisan,116,0,-0.005714285714285672,0.13531914893617025,-1.0
Claire Liu,84,0,-0.12802768166089962,0.33823529411764697,-0.17647058823529416
Jasmine Paolini,175,0,0.08720662678324897,-0.06631097560975607,-1.0
Bernarda Pera,171,0,-0.15680473372781056,0.30267558528428085,-0.6013986013986014
Karolina Muchova,150,0,0.010204081632653184,0.04956268221574356,-0.18367346938775508
Irina Bara,42,0,-0.41666666666666663,0.12500000000000022,0.75
Amanda Anisimova,153,0,-0.04470529470529461,0.07318213701192433,0.027472527472527597
Katie Boulter,88,0,-0.13043478260869568,0,0.21739130434782616
Elena Rybakina,245,0,-0.018523282737329727,0.02016217400832776,0.06311637080867838
Kaja Juvan,100,0,-0.054545454545454564,0.09090909090909083,0.0
Leylah Fernandez,146,0,0.05531112507856695,-0.15116279069767447,-0.27242524916943534
Olga Danilovic,49,0,-0.22902097902097907,0.18660968660968646,0
Anastasia Potapova,167,0,-0.08406461906661356,0.1963932806324109,0.03726708074534146
Marta Kostyuk,141,0,0.06612305411415864,-0.13943661971830978,-0.13116197183098588
Iga Swiatek,249,0,-0.03252491069749952,0.1152582860555389,-0.13518567993588027
Clara Tauson,74,0,0.043589743589743435,-0.01333333333333342,-1.0
Xin Yu Wang,99,0,0.13381555153707048,-0.6071428571428572,-0.4107142857142857
Astra Sharma,63,0,-0.41666666666666663,0.4765625,-1.0
Liudmila Samsonova,164,0,0.048120300751879785,-0.22037351443123931,0.0686716791979951
Coco Gauff,207,0,-0.010661764705882426,0.038145896656534894,-0.014285714285714346
Greet Minnen,80,0,0.0980392156862746,-0.7058823529411764,-0.019607843137254832
Diane Parry,47,0,-0.21666666666666667,0.11904761904761907,0.4099999999999999
Caty Mcnally,68,0,0.004926108374384119,-0.14733542319749215,0.09425287356321843
Varvara Gracheva,118,0,0.10531645569620252,-0.23870967741935478,-0.11499999999999999
Elisabetta Cocciaretto,78,0,-0.05135135135135127,0.05405405405405417,0.05405405405405417
Jule Niemeier,68,0,-0.24630541871921174,0.12899106002554284,0.2625994694960212
Clara Burel,72,0,-0.1183673469387756,0.14957983193277324,-0.3142857142857143
Kamilla Rakhimova,61,0,-0.14751552795031042,0.14927536231884075,-0.1159420289855072
Ann Li,66,0,0.03703703703703698,0.0,-0.19999999999999996
Linda Fruhvirtova,57,0,0.09615384615384626,-0.37362637362637363,0.46153846153846145
Nuria Parrizas Diaz,87,0,0.014308426073132097,0.1377506538796862,-1.0
Alycia Parks,46,0,0.022222222222222143,0.022222222222222143,-0.14814814814814825
Cristina Bucsa,48,0,0.1519999999999999,-0.11111111111111105,-0.36
Emma Raducanu,58,0,-0.0014347202295552641,-0.06951871657754005,0.13725490196078427
Lucia Bronzetti,77,0,-0.0863546473302571,0.1481826654240448,-0.10810810810810811
Qinwen Zheng,94,0,0.02880184331797242,0.11904761904761907,-0.5803571428571428
Linda Noskova,45,0,0.11891891891891881,-0.55,-0.55
