Actual,Predicted,A_Odds,B_Odds
0.0,0.0,6.73,1.11
1.0,0.0,1.67,2.15
1.0,0.0,2.48,1.51
0.0,1.0,1.43,2.7
0.0,0.0,2.1,1.71
1.0,1.0,1.66,2.2
0.0,0.0,2.84,1.42
1.0,1.0,1.76,2.02
0.0,0.0,5.84,1.13
1.0,1.0,1.13,5.45
0.0,1.0,1.36,3.17
1.0,0.0,1.53,2.5
0.0,0.0,2.68,1.46
0.0,1.0,1.1,7.07
1.0,1.0,1.06,8.61
0.0,1.0,1.06,9.64
1.0,1.0,1.22,4.25
0.0,0.0,1.8,1.96
1.0,0.0,1.44,2.76
1.0,1.0,1.36,3.12
1.0,1.0,2.19,1.64
0.0,0.0,7.31,1.1
1.0,0.0,2.0,1.78
1.0,1.0,1.02,15.13
0.0,0.0,3.62,1.27
1.0,0.0,4.94,1.17
1.0,1.0,1.33,3.31
0.0,1.0,2.2,1.65
1.0,1.0,1.43,2.8
1.0,1.0,1.55,2.4
1.0,1.0,1.17,4.74
0.0,0.0,3.01,1.37
0.0,0.0,2.21,1.66
1.0,1.0,1.3,3.46
0.0,0.0,3.35,1.32
0.0,0.0,7.96,1.07
0.0,0.0,3.26,1.34
0.0,0.0,2.53,1.5
0.0,0.0,2.22,1.65
1.0,1.0,1.12,6.44
1.0,0.0,9.3,1.05
0.0,0.0,2.81,1.44
0.0,1.0,1.42,2.82
0.0,1.0,1.55,2.47
0.0,0.0,2.22,1.65
0.0,0.0,5.39,1.15
0.0,0.0,3.46,1.32
1.0,1.0,1.29,3.51
0.0,0.0,3.97,1.25
1.0,0.0,1.63,2.27
0.0,0.0,2.32,1.59
1.0,1.0,2.17,1.67
0.0,0.0,2.67,1.45
1.0,1.0,2.25,1.6
1.0,1.0,1.51,2.51
1.0,1.0,1.2,4.41
1.0,1.0,1.68,2.13
0.0,0.0,5.9,1.12
1.0,1.0,1.74,2.05
0.0,0.0,3.57,1.29
0.0,1.0,1.6,2.29
1.0,0.0,1.81,1.98
1.0,1.0,1.43,2.77
1.0,1.0,1.41,2.82
1.0,0.0,3.24,1.34
1.0,1.0,1.61,2.29
0.0,0.0,9.1,1.06
1.0,0.0,2.78,1.44
0.0,1.0,1.47,2.65
0.0,0.0,2.24,1.63
1.0,0.0,1.68,2.12
0.0,0.0,3.01,1.37
0.0,0.0,2.88,1.42
1.0,0.0,3.14,1.35
1.0,0.0,1.71,2.09
1.0,1.0,1.18,4.95
1.0,1.0,1.27,3.75
0.0,0.0,1.79,1.99
1.0,1.0,1.96,1.8
1.0,1.0,1.84,1.98
0.0,0.0,3.3,1.33
1.0,0.0,2.12,1.74
0.0,1.0,1.25,3.87
0.0,0.0,9.32,1.05
0.0,0.0,2.01,1.8
1.0,1.0,1.17,4.88
0.0,0.0,4.97,1.16
1.0,0.0,2.52,1.53
1.0,0.0,2.69,1.45
0.0,0.0,1.92,1.84
0.0,0.0,2.3,1.59
1.0,1.0,1.36,3.14
1.0,1.0,1.37,3.0
1.0,1.0,1.43,2.76
0.0,0.0,3.12,1.35
1.0,0.0,2.34,1.58
1.0,1.0,1.49,2.58
1.0,1.0,1.26,3.8
1.0,1.0,1.52,2.49
0.0,1.0,1.53,2.47
0.0,0.0,3.86,1.25
0.0,0.0,2.08,1.71
0.0,1.0,1.61,2.27
0.0,0.0,11.67,1.03
0.0,0.0,7.37,1.09
0.0,1.0,1.33,3.31
1.0,1.0,1.18,4.63
0.0,0.0,1.74,2.04
0.0,0.0,2.25,1.65
0.0,0.0,2.69,1.44
1.0,0.0,1.35,3.07
1.0,1.0,1.43,2.74
1.0,1.0,1.14,5.66
1.0,1.0,2.02,1.77
0.0,0.0,3.48,1.29
0.0,1.0,1.52,2.55
0.0,0.0,8.35,1.07
0.0,0.0,2.53,1.51
0.0,0.0,4.72,1.18
1.0,1.0,1.61,2.27
1.0,0.0,1.92,1.85
1.0,1.0,1.14,5.45
0.0,1.0,1.75,2.03
1.0,1.0,2.12,1.72
1.0,0.0,2.34,1.58
0.0,0.0,2.85,1.42
0.0,0.0,5.09,1.17
0.0,0.0,10.48,1.05
1.0,1.0,1.36,3.18
0.0,1.0,1.53,2.45
1.0,1.0,1.27,3.67
1.0,1.0,1.13,5.53
1.0,1.0,1.24,3.99
0.0,0.0,18.3,1.01
0.0,0.0,2.87,1.41
1.0,1.0,1.41,2.89
1.0,1.0,1.11,6.37
0.0,0.0,1.79,2.0
1.0,1.0,1.33,3.38
1.0,0.0,1.61,2.28
0.0,0.0,6.24,1.12
1.0,1.0,1.63,2.22
0.0,1.0,3.13,1.36
0.0,0.0,2.83,1.41
0.0,1.0,3.05,1.37
1.0,1.0,1.04,10.95
0.0,0.0,3.22,1.36
1.0,1.0,2.11,1.7
0.0,0.0,4.53,1.19
0.0,0.0,5.08,1.16
1.0,1.0,1.2,4.69
0.0,1.0,2.42,1.55
0.0,0.0,3.68,1.27
0.0,0.0,1.96,1.8
0.0,0.0,18.28,1.01
0.0,0.0,2.8,1.41
0.0,1.0,2.01,1.79
1.0,0.0,1.66,2.23
1.0,1.0,1.49,2.61
1.0,1.0,1.02,14.85
0.0,0.0,7.49,1.08
0.0,1.0,1.46,2.66
0.0,0.0,3.16,1.33
1.0,1.0,1.34,3.15
0.0,0.0,3.49,1.3
1.0,0.0,1.55,2.42
1.0,1.0,1.31,3.45
1.0,1.0,1.76,2.07
0.0,0.0,8.79,1.07
1.0,0.0,2.55,1.5
1.0,1.0,1.19,4.59
0.0,0.0,2.25,1.63
0.0,1.0,2.39,1.55
1.0,1.0,2.1,1.7
1.0,1.0,1.6,2.3
0.0,0.0,3.61,1.29
1.0,0.0,1.44,2.82
0.0,0.0,2.66,1.46
0.0,1.0,1.64,2.2
1.0,1.0,1.6,2.33
1.0,1.0,1.11,6.44
0.0,0.0,4.52,1.19
0.0,0.0,2.42,1.54
1.0,1.0,1.45,2.71
1.0,1.0,1.06,9.41
1.0,1.0,1.04,11.99
1.0,1.0,1.04,11.47
1.0,1.0,1.64,2.22
1.0,1.0,1.46,2.69
0.0,0.0,2.18,1.67
1.0,1.0,1.17,5.02
1.0,1.0,1.87,1.93
1.0,1.0,1.07,8.45
0.0,0.0,4.74,1.19
0.0,0.0,7.7,1.08
0.0,1.0,1.82,1.95
1.0,1.0,1.02,17.73
1.0,0.0,3.98,1.25
0.0,0.0,3.01,1.38
0.0,0.0,3.16,1.36
1.0,0.0,1.35,3.13
1.0,0.0,2.25,1.62
1.0,1.0,1.41,2.84
0.0,0.0,4.04,1.23
1.0,1.0,1.28,3.75
1.0,1.0,1.86,1.9
1.0,1.0,1.19,4.78
1.0,0.0,1.63,2.31
1.0,0.0,2.27,1.61
1.0,1.0,1.33,3.36
0.0,0.0,4.89,1.17
1.0,1.0,1.63,2.25
1.0,1.0,1.79,2.0
0.0,1.0,1.89,1.87
0.0,0.0,3.99,1.24
0.0,0.0,19.56,1.01
0.0,1.0,1.26,3.78
0.0,0.0,2.23,1.65
1.0,1.0,1.62,2.29
1.0,1.0,1.42,2.83
0.0,0.0,1.9,1.86
0.0,1.0,1.32,3.43
0.0,0.0,4.66,1.19
0.0,0.0,4.46,1.2
1.0,1.0,1.04,10.94
1.0,1.0,1.46,2.67
0.0,1.0,1.67,2.16
0.0,0.0,2.61,1.47
1.0,1.0,1.12,5.97
0.0,1.0,1.11,6.32
0.0,1.0,1.52,2.54
0.0,0.0,2.59,1.5
1.0,1.0,2.61,1.48
1.0,1.0,1.07,8.89
0.0,1.0,1.6,2.29
1.0,1.0,1.33,3.37
0.0,0.0,1.57,2.42
1.0,1.0,1.38,3.01
1.0,1.0,1.34,3.18
0.0,0.0,2.25,1.61
0.0,0.0,1.78,2.02
0.0,0.0,6.23,1.11
1.0,1.0,1.02,15.43
1.0,0.0,3.16,1.35
1.0,1.0,1.15,5.54
0.0,0.0,2.29,1.6
0.0,0.0,1.82,1.93
1.0,1.0,1.14,5.68
0.0,1.0,1.62,2.25
1.0,1.0,1.29,3.49
0.0,0.0,11.78,1.04
0.0,0.0,1.88,1.86
0.0,0.0,6.28,1.12
0.0,0.0,1.75,2.07
1.0,1.0,1.67,2.15
0.0,0.0,2.66,1.47
0.0,0.0,2.59,1.5
0.0,1.0,1.18,4.63
0.0,1.0,2.43,1.55
0.0,0.0,2.12,1.72
0.0,1.0,1.45,2.74
0.0,0.0,3.72,1.27
1.0,0.0,1.42,2.78
0.0,0.0,2.6,1.48
1.0,1.0,3.68,1.28
0.0,0.0,2.75,1.43
0.0,0.0,5.79,1.13
1.0,1.0,1.16,5.1
1.0,0.0,2.83,1.4
1.0,0.0,5.14,1.15
0.0,1.0,1.6,2.33
0.0,0.0,2.13,1.7
0.0,0.0,8.07,1.07
0.0,0.0,3.06,1.36
1.0,1.0,1.37,2.98
0.0,0.0,2.19,1.69
1.0,1.0,1.28,3.7
0.0,0.0,2.47,1.53
0.0,0.0,4.58,1.19
0.0,0.0,2.72,1.43
1.0,1.0,1.48,2.61
1.0,1.0,1.6,2.3
0.0,0.0,4.24,1.21
1.0,1.0,2.23,1.63
1.0,0.0,2.25,1.61
1.0,1.0,1.8,2.02
0.0,1.0,1.38,2.97
0.0,0.0,1.86,1.89
1.0,1.0,1.4,2.87
1.0,1.0,1.34,3.24
0.0,0.0,2.29,1.6
0.0,0.0,4.8,1.18
0.0,0.0,3.8,1.25
0.0,0.0,2.05,1.75
1.0,1.0,1.19,4.6
0.0,0.0,6.05,1.12
0.0,0.0,3.8,1.25
0.0,1.0,2.29,1.6
0.0,0.0,3.02,1.37
0.0,0.0,7.05,1.09
1.0,1.0,1.21,4.32
0.0,0.0,3.59,1.3
1.0,1.0,1.13,5.7
0.0,0.0,1.57,2.36
1.0,1.0,1.33,3.22
0.0,0.0,2.52,1.53
1.0,1.0,1.09,7.03
1.0,1.0,1.36,3.09
0.0,0.0,2.33,1.59
0.0,1.0,1.51,2.53
1.0,0.0,1.75,2.02
0.0,0.0,2.52,1.51
0.0,0.0,5.43,1.14
0.0,1.0,1.14,5.5
0.0,0.0,7.26,1.09
0.0,0.0,2.18,1.69
1.0,0.0,1.51,2.53
1.0,1.0,1.29,3.63
1.0,1.0,1.41,2.84
0.0,1.0,1.83,1.98
0.0,1.0,1.56,2.45
0.0,1.0,1.32,3.28
1.0,0.0,3.87,1.25
0.0,1.0,1.11,6.76
0.0,0.0,1.85,1.91
1.0,1.0,1.35,3.24
1.0,0.0,2.39,1.57
1.0,0.0,3.59,1.29
0.0,0.0,3.22,1.35
0.0,1.0,1.91,1.85
0.0,0.0,2.39,1.58
0.0,0.0,2.19,1.66
0.0,0.0,3.16,1.35
1.0,0.0,1.4,2.83
0.0,1.0,1.55,2.4
1.0,1.0,1.42,2.87
1.0,1.0,1.03,12.31
1.0,1.0,1.41,2.91
1.0,0.0,3.14,1.35
1.0,1.0,1.23,4.04
1.0,1.0,1.35,3.13
0.0,0.0,4.72,1.19
0.0,0.0,2.37,1.58
0.0,0.0,2.86,1.42
1.0,1.0,1.57,2.35
0.0,0.0,6.52,1.1
0.0,0.0,5.91,1.13
1.0,1.0,1.3,3.51
1.0,1.0,1.16,5.07
0.0,0.0,5.36,1.14
0.0,0.0,1.9,1.86
1.0,1.0,1.14,5.56
0.0,0.0,7.05,1.1
0.0,0.0,4.97,1.18
1.0,0.0,2.93,1.38
1.0,0.0,2.37,1.58
1.0,1.0,1.47,2.62
0.0,0.0,5.05,1.16
1.0,1.0,1.67,2.19
0.0,0.0,3.92,1.25
0.0,1.0,1.26,3.86
0.0,0.0,2.76,1.43
1.0,1.0,2.45,1.54
1.0,1.0,1.06,9.14
0.0,0.0,1.6,2.35
0.0,1.0,2.71,1.45
1.0,1.0,1.13,6.15
0.0,0.0,2.47,1.53
0.0,1.0,1.66,2.23
0.0,1.0,4.42,1.2
1.0,1.0,1.69,2.13
0.0,0.0,3.01,1.37
1.0,1.0,1.21,4.32
0.0,1.0,1.67,2.17
0.0,1.0,2.17,1.66
0.0,1.0,1.49,2.64
1.0,1.0,7.93,1.08
0.0,0.0,2.34,1.6
0.0,0.0,5.4,1.14
0.0,0.0,3.92,1.26
0.0,0.0,2.27,1.61
1.0,1.0,1.27,3.76
1.0,1.0,1.03,11.71
0.0,0.0,2.49,1.53
0.0,1.0,1.37,3.11
0.0,0.0,2.65,1.46
1.0,1.0,2.22,1.64
1.0,1.0,1.07,8.06
0.0,0.0,23.15,1.01
0.0,0.0,5.31,1.14
0.0,1.0,1.16,4.99
1.0,0.0,1.98,1.83
1.0,0.0,4.18,1.22
0.0,0.0,2.61,1.48
1.0,1.0,1.36,3.09
1.0,1.0,1.61,2.27
1.0,1.0,1.41,2.84
0.0,1.0,1.46,2.66
0.0,0.0,1.61,2.26
1.0,1.0,1.02,14.94
1.0,1.0,1.54,2.43
1.0,1.0,1.6,2.35
1.0,0.0,4.63,1.19
1.0,0.0,2.19,1.64
1.0,1.0,1.73,2.07
0.0,1.0,1.56,2.39
1.0,1.0,1.4,2.89
1.0,0.0,2.21,1.65
1.0,1.0,2.07,1.76
0.0,0.0,3.78,1.26
1.0,0.0,2.92,1.39
1.0,1.0,1.53,2.46
0.0,1.0,1.56,2.38
1.0,0.0,2.18,1.67
0.0,0.0,2.85,1.41
1.0,0.0,2.16,1.69
0.0,1.0,1.3,3.51
1.0,0.0,2.67,1.46
0.0,1.0,1.03,12.19
1.0,1.0,1.43,2.83
1.0,0.0,1.44,2.72
1.0,1.0,1.22,4.26
0.0,0.0,4.09,1.23
0.0,0.0,7.78,1.08
1.0,1.0,1.74,2.04
1.0,0.0,3.31,1.34
1.0,1.0,1.2,4.61
1.0,0.0,1.73,2.09
0.0,0.0,3.63,1.27
1.0,1.0,1.03,13.18
0.0,1.0,2.48,1.52
1.0,1.0,1.3,3.49
0.0,1.0,1.54,2.43
0.0,0.0,3.45,1.3
1.0,0.0,1.97,1.87
0.0,0.0,9.39,1.06
1.0,1.0,1.13,5.81
0.0,1.0,1.32,3.37
0.0,0.0,2.72,1.44
1.0,1.0,1.03,11.96
1.0,1.0,1.09,7.41
0.0,0.0,2.06,1.77
0.0,1.0,1.55,2.45
1.0,0.0,1.46,2.65
0.0,0.0,2.21,1.66
0.0,0.0,3.65,1.28
0.0,1.0,1.2,4.61
1.0,1.0,1.31,3.39
1.0,0.0,5.69,1.14
0.0,0.0,7.69,1.08
1.0,1.0,1.45,2.7
0.0,1.0,1.65,2.23
0.0,1.0,1.54,2.5
1.0,0.0,2.8,1.42
1.0,1.0,1.17,5.28
0.0,1.0,2.24,1.64
1.0,1.0,2.35,1.57
0.0,0.0,4.71,1.17
1.0,0.0,2.48,1.53
1.0,1.0,1.27,3.71
0.0,0.0,15.4,1.02
1.0,0.0,1.68,2.15
1.0,0.0,1.99,1.83
0.0,0.0,2.27,1.64
0.0,1.0,2.19,1.65
0.0,0.0,5.34,1.15
1.0,1.0,1.68,2.2
0.0,0.0,24.51,1.01
0.0,0.0,2.9,1.42
1.0,0.0,2.88,1.42
0.0,0.0,2.2,1.64
1.0,1.0,1.48,2.63
1.0,1.0,1.54,2.42
0.0,0.0,3.85,1.25
0.0,0.0,2.44,1.57
0.0,0.0,2.23,1.65
1.0,1.0,1.16,5.0
1.0,1.0,1.69,2.15
0.0,0.0,1.98,1.78
1.0,1.0,1.28,3.62
1.0,1.0,2.12,1.72
1.0,1.0,1.52,2.54
1.0,1.0,1.37,2.96
0.0,0.0,6.65,1.11
0.0,1.0,1.77,2.06
0.0,0.0,2.78,1.42
1.0,1.0,1.14,5.98
1.0,0.0,1.33,3.34
0.0,1.0,1.07,7.88
0.0,1.0,1.05,9.86
1.0,0.0,2.13,1.69
1.0,0.0,2.78,1.42
1.0,1.0,1.14,5.42
1.0,1.0,1.47,2.63
0.0,0.0,2.32,1.59
0.0,0.0,3.84,1.25
0.0,0.0,9.25,1.06
0.0,0.0,4.43,1.2
1.0,0.0,2.12,1.72
1.0,1.0,1.6,2.29
1.0,1.0,1.27,3.71
1.0,0.0,1.9,1.86
0.0,1.0,1.56,2.38
1.0,1.0,1.11,6.39
1.0,1.0,1.65,2.26
1.0,1.0,1.52,2.49
1.0,1.0,1.24,3.88
1.0,0.0,2.97,1.38
1.0,1.0,1.35,3.15
0.0,0.0,12.46,1.03
0.0,0.0,4.44,1.19
0.0,0.0,2.35,1.6
0.0,1.0,2.05,1.76
1.0,1.0,1.12,6.0
0.0,0.0,1.82,1.94
1.0,1.0,1.82,1.99
0.0,0.0,2.71,1.44
1.0,1.0,1.17,4.88
1.0,1.0,1.64,2.27
0.0,0.0,2.34,1.59
1.0,0.0,2.14,1.71
0.0,0.0,5.74,1.14
0.0,0.0,3.08,1.38
1.0,1.0,1.11,6.43
1.0,1.0,1.39,2.97
1.0,0.0,1.56,2.38
0.0,0.0,12.34,1.03
1.0,1.0,1.4,2.87
0.0,1.0,1.46,2.62
0.0,1.0,1.31,3.43
0.0,1.0,1.38,2.99
0.0,0.0,3.05,1.37
1.0,1.0,1.7,2.16
1.0,1.0,1.41,2.92
1.0,1.0,1.4,2.92
0.0,0.0,7.88,1.08
0.0,0.0,19.37,1.01
0.0,1.0,1.58,2.37
0.0,0.0,6.62,1.1
0.0,0.0,2.9,1.42
0.0,0.0,4.41,1.21
0.0,0.0,4.42,1.2
0.0,0.0,4.95,1.19
1.0,1.0,1.29,3.51
0.0,0.0,3.07,1.36
1.0,0.0,1.25,3.91
0.0,0.0,3.19,1.36
0.0,0.0,3.52,1.3
0.0,0.0,3.88,1.24
0.0,0.0,3.66,1.27
0.0,1.0,1.63,2.25
1.0,1.0,1.06,9.92
0.0,0.0,2.96,1.39
0.0,0.0,5.78,1.13
1.0,1.0,1.11,6.23
1.0,1.0,1.53,2.45
0.0,0.0,1.76,2.01
1.0,1.0,1.3,3.53
0.0,1.0,2.07,1.77
1.0,1.0,2.15,1.68
1.0,1.0,1.44,2.74
1.0,1.0,1.65,2.2
1.0,1.0,1.13,5.77
0.0,0.0,3.5,1.3
0.0,0.0,1.62,2.25
0.0,0.0,2.64,1.47
0.0,0.0,1.4,2.89
1.0,1.0,1.12,6.4
1.0,0.0,2.16,1.68
0.0,0.0,2.22,1.67
0.0,0.0,3.91,1.26
0.0,0.0,6.65,1.1
1.0,1.0,1.62,2.23
0.0,0.0,1.89,1.85
1.0,1.0,2.38,1.58
0.0,0.0,7.6,1.08
0.0,1.0,1.55,2.47
1.0,0.0,2.04,1.78
0.0,0.0,3.73,1.27
1.0,1.0,1.62,2.25
1.0,1.0,1.27,3.72
0.0,1.0,1.48,2.6
0.0,1.0,1.46,2.65
0.0,0.0,3.16,1.35
0.0,0.0,2.84,1.41
1.0,0.0,1.94,1.86
0.0,0.0,3.54,1.28
0.0,0.0,2.23,1.63
1.0,1.0,1.24,3.94
0.0,1.0,1.36,3.08
0.0,0.0,1.48,2.63
1.0,1.0,2.3,1.6
1.0,0.0,1.5,2.54
0.0,0.0,2.3,1.62
1.0,1.0,1.39,2.9
0.0,1.0,1.48,2.62
1.0,0.0,2.7,1.45
0.0,0.0,1.39,2.92
1.0,1.0,1.6,2.29
1.0,0.0,1.78,2.05
1.0,1.0,1.84,1.92
1.0,0.0,2.35,1.59
1.0,1.0,1.27,3.64
1.0,0.0,2.21,1.64
1.0,0.0,2.11,1.72
0.0,1.0,2.09,1.73
1.0,1.0,1.29,3.48
0.0,1.0,1.12,6.08
1.0,0.0,2.13,1.71
1.0,0.0,1.97,1.83
1.0,0.0,1.43,2.74
1.0,1.0,1.64,2.23
1.0,0.0,1.59,2.36
1.0,0.0,5.32,1.15
1.0,1.0,1.35,3.26
0.0,0.0,4.19,1.21
1.0,1.0,1.3,3.46
1.0,0.0,1.85,1.91
0.0,1.0,1.46,2.62
1.0,1.0,1.81,1.98
0.0,0.0,1.68,2.15
0.0,0.0,2.46,1.54
0.0,1.0,1.96,1.84
0.0,0.0,6.48,1.12
0.0,0.0,2.02,1.81
0.0,0.0,5.47,1.15
1.0,1.0,1.42,2.86
1.0,1.0,1.47,2.63
0.0,0.0,2.24,1.64
0.0,1.0,1.76,2.06
0.0,1.0,3.67,1.27
1.0,1.0,1.03,12.72
0.0,1.0,1.66,2.27
1.0,0.0,1.79,2.02
0.0,0.0,5.7,1.13
0.0,0.0,2.77,1.43
1.0,1.0,1.49,2.56
1.0,1.0,1.21,4.27
0.0,0.0,6.49,1.11
0.0,0.0,2.96,1.38
1.0,1.0,1.16,5.05
0.0,0.0,3.48,1.3
1.0,1.0,1.12,6.02
1.0,1.0,1.18,4.64
0.0,1.0,1.65,2.21
1.0,1.0,1.85,1.93
0.0,0.0,6.23,1.12
0.0,0.0,2.24,1.65
0.0,0.0,3.54,1.29
0.0,0.0,2.73,1.44
0.0,1.0,1.61,2.3
1.0,1.0,1.64,2.21
1.0,1.0,1.07,7.95
0.0,0.0,4.67,1.18
1.0,1.0,1.54,2.44
1.0,0.0,2.43,1.55
0.0,0.0,5.31,1.16
1.0,1.0,2.75,1.44
1.0,1.0,1.07,8.33
1.0,1.0,1.04,10.58
1.0,1.0,1.82,1.97
1.0,0.0,2.77,1.43
1.0,1.0,1.42,2.76
0.0,0.0,2.83,1.42
1.0,1.0,1.43,2.74
0.0,1.0,3.08,1.35
1.0,0.0,2.31,1.6
0.0,0.0,5.11,1.16
0.0,1.0,1.39,2.91
1.0,1.0,1.77,2.05
0.0,0.0,2.63,1.48
0.0,0.0,21.52,1.01
0.0,0.0,2.25,1.63
0.0,1.0,1.73,2.13
0.0,0.0,2.99,1.39
0.0,0.0,4.17,1.23
0.0,0.0,2.59,1.49
0.0,0.0,3.77,1.26
0.0,0.0,3.13,1.37
0.0,0.0,3.04,1.37
1.0,0.0,2.11,1.72
1.0,0.0,2.43,1.55
0.0,0.0,3.03,1.37
0.0,1.0,2.0,1.79
1.0,1.0,1.92,1.82
1.0,0.0,2.32,1.59
1.0,1.0,1.34,3.2
0.0,1.0,1.38,2.97
1.0,1.0,1.27,3.65
1.0,1.0,1.38,3.03
0.0,0.0,3.0,1.39
0.0,0.0,3.14,1.35
1.0,1.0,1.37,3.03
1.0,1.0,1.48,2.59
1.0,0.0,2.39,1.56
0.0,0.0,3.07,1.38
0.0,0.0,2.47,1.52
0.0,1.0,2.08,1.71
0.0,1.0,2.1,1.75
1.0,0.0,2.79,1.42
1.0,1.0,1.03,13.64
1.0,1.0,1.76,2.07
0.0,0.0,1.73,2.08
1.0,1.0,1.39,2.96
0.0,1.0,1.41,2.88
0.0,0.0,1.74,2.04
0.0,1.0,1.59,2.32
0.0,1.0,1.77,2.0
0.0,1.0,1.98,1.79
0.0,0.0,1.79,1.99
0.0,1.0,1.53,2.46
0.0,0.0,3.19,1.34
1.0,1.0,1.03,13.43
1.0,1.0,1.64,2.25
0.0,0.0,7.86,1.07
0.0,0.0,11.02,1.04
0.0,1.0,1.71,2.13
1.0,0.0,3.7,1.27
1.0,1.0,1.27,3.69
1.0,0.0,3.14,1.36
0.0,0.0,6.04,1.11
0.0,0.0,4.46,1.2
1.0,1.0,1.39,2.94
1.0,0.0,1.8,1.96
1.0,1.0,1.2,4.45
0.0,0.0,1.59,2.35
0.0,1.0,2.05,1.74
1.0,1.0,1.19,4.52
0.0,0.0,2.67,1.47
1.0,0.0,2.08,1.77
0.0,0.0,2.33,1.59
1.0,0.0,1.7,2.12
1.0,0.0,1.12,6.05
0.0,0.0,4.5,1.19
0.0,0.0,4.31,1.21
0.0,1.0,1.47,2.63
0.0,0.0,1.73,2.09
0.0,0.0,3.69,1.27
0.0,1.0,1.77,2.04
1.0,1.0,1.91,1.83
1.0,1.0,2.75,1.43
0.0,0.0,11.45,1.03
0.0,0.0,4.1,1.23
0.0,0.0,2.32,1.58
0.0,1.0,2.74,1.46
1.0,1.0,1.43,2.72
1.0,0.0,3.97,1.25
0.0,0.0,15.23,1.02
0.0,1.0,1.51,2.57
0.0,1.0,2.06,1.74
0.0,0.0,4.38,1.2
1.0,1.0,1.22,4.2
1.0,0.0,1.76,2.03
0.0,1.0,1.21,4.26
0.0,0.0,3.97,1.23
1.0,0.0,2.99,1.37
0.0,0.0,2.79,1.43
0.0,0.0,2.95,1.4
1.0,1.0,1.77,2.06
0.0,0.0,1.94,1.84
0.0,0.0,2.1,1.7
1.0,1.0,2.52,1.52
0.0,0.0,4.11,1.24
0.0,1.0,2.31,1.6
0.0,1.0,1.66,2.2
1.0,1.0,1.57,2.37
1.0,0.0,2.17,1.68
0.0,0.0,3.38,1.31
0.0,0.0,2.54,1.5
1.0,1.0,1.03,12.0
0.0,0.0,21.25,1.01
0.0,0.0,4.12,1.21
1.0,0.0,3.13,1.35
1.0,0.0,1.62,2.26
1.0,0.0,2.4,1.57
0.0,1.0,1.89,1.9
0.0,0.0,2.52,1.5
0.0,0.0,5.94,1.13
1.0,1.0,1.01,19.74
0.0,1.0,2.89,1.4
0.0,0.0,5.11,1.17
1.0,1.0,1.01,16.88
0.0,0.0,8.3,1.08
1.0,1.0,1.23,4.06
1.0,1.0,1.24,3.98
1.0,0.0,2.33,1.58
1.0,1.0,1.45,2.67
0.0,1.0,1.26,3.83
0.0,1.0,1.05,9.44
0.0,1.0,1.4,2.98
1.0,0.0,2.71,1.44
0.0,0.0,14.09,1.03
1.0,0.0,3.12,1.36
1.0,1.0,1.41,2.85
0.0,0.0,2.23,1.64
0.0,0.0,13.43,1.02
1.0,1.0,1.37,3.06
1.0,1.0,2.82,1.44
0.0,1.0,1.78,2.04
0.0,0.0,3.45,1.3
0.0,1.0,1.5,2.52
1.0,1.0,1.07,8.48
0.0,0.0,3.75,1.27
0.0,0.0,2.29,1.61
0.0,0.0,2.51,1.5
1.0,1.0,1.45,2.71
1.0,0.0,2.24,1.64
1.0,1.0,1.17,5.05
1.0,0.0,4.21,1.21
1.0,1.0,1.04,11.69
0.0,0.0,2.11,1.74
1.0,1.0,1.07,8.34
1.0,0.0,2.51,1.53
0.0,0.0,2.97,1.37
0.0,0.0,5.56,1.14
0.0,0.0,3.4,1.31
1.0,1.0,1.66,2.19
1.0,1.0,1.16,5.26
0.0,1.0,1.22,4.33
1.0,0.0,2.27,1.63
0.0,0.0,6.13,1.12
0.0,0.0,13.18,1.02
1.0,1.0,1.35,3.18
0.0,0.0,5.38,1.15
0.0,0.0,8.0,1.07
0.0,0.0,5.39,1.16
1.0,1.0,1.33,3.24
1.0,1.0,1.59,2.36
0.0,0.0,2.85,1.4
0.0,0.0,4.64,1.2
0.0,0.0,3.05,1.38
1.0,0.0,2.25,1.64
0.0,0.0,1.9,1.89
0.0,0.0,3.82,1.25
0.0,1.0,1.26,3.7
1.0,0.0,1.82,1.92
0.0,0.0,3.97,1.23
1.0,0.0,1.59,2.35
1.0,1.0,2.63,1.46
1.0,0.0,1.94,1.83
1.0,1.0,1.58,2.4
1.0,1.0,1.74,2.09
1.0,1.0,1.2,4.53
1.0,0.0,2.1,1.73
1.0,0.0,1.55,2.47
1.0,1.0,1.71,2.09
1.0,1.0,1.23,3.97
0.0,1.0,1.51,2.52
1.0,0.0,2.71,1.46
0.0,1.0,1.36,3.08
0.0,1.0,2.15,1.69
1.0,1.0,1.28,3.62
1.0,1.0,1.35,3.12
1.0,0.0,3.14,1.34
0.0,1.0,2.29,1.62
0.0,0.0,4.91,1.16
0.0,0.0,2.84,1.4
0.0,1.0,2.33,1.59
0.0,1.0,1.46,2.68
0.0,1.0,1.31,3.42
1.0,0.0,1.59,2.3
0.0,1.0,1.53,2.5
1.0,1.0,1.77,2.04
1.0,0.0,2.08,1.75
0.0,0.0,3.32,1.32
1.0,0.0,3.18,1.35
0.0,1.0,1.63,2.24
0.0,0.0,2.67,1.47
1.0,1.0,1.65,2.19
0.0,1.0,1.87,1.92
0.0,0.0,2.87,1.42
0.0,0.0,2.18,1.66
0.0,1.0,1.17,4.9
1.0,1.0,1.48,2.62
0.0,0.0,3.05,1.37
0.0,0.0,2.09,1.74
1.0,0.0,2.82,1.41
1.0,0.0,1.84,1.93
0.0,1.0,1.21,4.37
0.0,0.0,21.52,1.01
0.0,1.0,2.29,1.62
1.0,1.0,1.88,1.87
1.0,1.0,1.32,3.36
1.0,1.0,1.15,5.55
0.0,0.0,2.72,1.45
1.0,1.0,1.34,3.2
0.0,0.0,2.07,1.77
1.0,0.0,4.8,1.18
1.0,0.0,1.86,1.92
0.0,0.0,2.51,1.51
0.0,0.0,8.36,1.07
1.0,0.0,2.2,1.63
0.0,0.0,2.49,1.52
0.0,0.0,6.75,1.1
1.0,0.0,3.07,1.36
1.0,0.0,2.78,1.43
1.0,1.0,1.56,2.39
0.0,1.0,1.44,2.75
0.0,0.0,4.83,1.19
1.0,0.0,2.95,1.39
1.0,0.0,2.43,1.54
0.0,0.0,6.19,1.13
1.0,1.0,1.14,5.68
1.0,0.0,1.76,2.06
1.0,1.0,1.42,2.78
1.0,1.0,1.12,6.19
1.0,1.0,1.25,3.84
0.0,0.0,4.56,1.19
1.0,1.0,1.15,5.39
1.0,0.0,7.07,1.1
1.0,1.0,2.2,1.65
0.0,1.0,1.42,2.79
0.0,1.0,1.1,7.13
1.0,0.0,2.29,1.6
1.0,0.0,3.39,1.33
0.0,0.0,2.82,1.42
0.0,0.0,2.57,1.5
0.0,0.0,2.49,1.52
0.0,0.0,2.28,1.62
0.0,0.0,1.88,1.9
1.0,1.0,1.13,5.91
0.0,0.0,3.84,1.26
0.0,1.0,1.38,3.03
0.0,1.0,1.34,3.28
1.0,0.0,2.14,1.69
0.0,0.0,5.82,1.13
1.0,1.0,1.03,13.52
0.0,1.0,3.06,1.36
1.0,1.0,1.53,2.45
0.0,0.0,3.94,1.24
1.0,1.0,1.26,3.71
1.0,0.0,3.17,1.37
1.0,0.0,3.5,1.29
1.0,1.0,1.16,5.37
0.0,0.0,2.58,1.51
0.0,0.0,9.46,1.06
1.0,1.0,1.01,19.5
0.0,0.0,2.21,1.67
1.0,0.0,2.62,1.46
1.0,0.0,2.86,1.41
1.0,1.0,1.03,14.59
0.0,0.0,1.16,5.08
0.0,0.0,2.38,1.57
1.0,0.0,2.73,1.43
1.0,0.0,4.29,1.22
1.0,1.0,1.36,3.09
0.0,0.0,2.48,1.52
0.0,0.0,4.34,1.22
0.0,0.0,2.94,1.4
0.0,0.0,1.93,1.82
0.0,0.0,5.61,1.14
0.0,1.0,2.1,1.72
1.0,0.0,2.55,1.5
0.0,0.0,2.44,1.56
0.0,0.0,3.67,1.27
1.0,0.0,2.28,1.64
1.0,0.0,2.13,1.69
0.0,0.0,6.02,1.13
0.0,0.0,4.53,1.19
1.0,1.0,1.22,4.24
1.0,1.0,1.22,4.25
0.0,0.0,4.26,1.22
1.0,1.0,1.21,4.34
0.0,0.0,4.12,1.22
0.0,0.0,3.39,1.33
1.0,1.0,1.14,5.49
0.0,0.0,1.83,1.93
1.0,1.0,1.17,5.15
1.0,0.0,5.92,1.13
1.0,1.0,1.31,3.48
0.0,0.0,2.08,1.71
1.0,0.0,1.87,1.89
1.0,0.0,2.08,1.72
1.0,0.0,6.75,1.11
0.0,0.0,1.63,2.27
1.0,1.0,1.15,5.28
0.0,0.0,2.52,1.51
1.0,1.0,1.35,3.17
0.0,1.0,1.32,3.4
0.0,0.0,2.89,1.4
1.0,0.0,2.83,1.42
0.0,0.0,2.43,1.54
0.0,0.0,3.07,1.35
0.0,0.0,3.98,1.25
1.0,1.0,1.35,3.19
0.0,1.0,1.48,2.57
0.0,1.0,1.65,2.18
0.0,0.0,7.38,1.09
1.0,1.0,1.53,2.47
1.0,1.0,1.17,4.92
1.0,1.0,1.06,9.55
0.0,0.0,2.77,1.44
0.0,1.0,3.36,1.31
1.0,1.0,1.38,3.08
0.0,1.0,1.7,2.09
1.0,1.0,1.4,2.92
0.0,0.0,2.59,1.49
0.0,0.0,7.91,1.08
0.0,0.0,4.39,1.2
0.0,0.0,8.21,1.07
0.0,1.0,2.3,1.62
1.0,0.0,1.97,1.84
1.0,0.0,4.78,1.18
1.0,1.0,1.12,6.26
1.0,0.0,2.26,1.63
0.0,1.0,1.87,1.92
1.0,1.0,1.6,2.34
1.0,0.0,2.3,1.63
0.0,1.0,2.86,1.41
1.0,1.0,1.61,2.31
0.0,1.0,2.45,1.55
1.0,0.0,2.17,1.67
1.0,0.0,2.63,1.49
1.0,0.0,2.65,1.49
0.0,1.0,1.87,1.9
1.0,1.0,1.12,6.18
0.0,1.0,1.49,2.62
0.0,1.0,1.23,4.15
1.0,1.0,1.77,2.05
0.0,1.0,1.73,2.07
1.0,1.0,1.66,2.23
0.0,0.0,2.97,1.38
1.0,0.0,1.42,2.77
1.0,0.0,2.38,1.54
1.0,1.0,1.47,2.71
0.0,1.0,1.22,4.34
1.0,0.0,2.24,1.63
0.0,0.0,3.45,1.3
1.0,0.0,1.89,1.86
1.0,0.0,3.67,1.27
0.0,0.0,2.67,1.49
1.0,1.0,2.22,1.64
0.0,1.0,1.14,5.41
1.0,1.0,1.3,3.49
0.0,1.0,1.38,2.98
1.0,0.0,1.46,2.7
0.0,1.0,1.64,2.21
1.0,1.0,1.02,15.96
1.0,0.0,2.15,1.7
0.0,0.0,8.26,1.08
1.0,1.0,1.01,18.26
0.0,0.0,3.16,1.35
0.0,1.0,1.58,2.3
0.0,1.0,1.44,2.71
0.0,0.0,6.18,1.12
1.0,1.0,1.05,9.45
0.0,0.0,3.53,1.29
1.0,0.0,3.25,1.33
0.0,0.0,4.61,1.19
1.0,0.0,3.61,1.28
1.0,1.0,1.57,2.4
0.0,0.0,6.77,1.11
0.0,0.0,3.58,1.29
1.0,0.0,1.82,1.99
1.0,1.0,1.21,4.27
0.0,0.0,3.56,1.29
1.0,1.0,1.67,2.18
0.0,0.0,5.62,1.14
1.0,0.0,3.84,1.27
0.0,0.0,2.07,1.76
1.0,1.0,1.32,3.43
1.0,1.0,1.14,5.78
1.0,0.0,1.87,1.9
1.0,0.0,2.16,1.68
1.0,0.0,1.74,2.05
1.0,0.0,2.5,1.51
1.0,1.0,1.68,2.13
1.0,1.0,1.06,9.19
1.0,1.0,1.92,1.88
0.0,0.0,2.3,1.62
0.0,0.0,2.85,1.41
1.0,0.0,2.32,1.6
0.0,0.0,6.95,1.09
0.0,1.0,1.63,2.22
1.0,1.0,1.6,2.29
1.0,1.0,1.32,3.25
1.0,1.0,1.29,3.46
0.0,0.0,4.19,1.23
1.0,0.0,3.34,1.32
1.0,1.0,1.08,7.74
0.0,0.0,2.7,1.44
1.0,1.0,1.89,1.89
0.0,0.0,3.24,1.33
1.0,1.0,1.18,4.84
1.0,0.0,2.27,1.62
1.0,0.0,1.5,2.56
0.0,0.0,4.05,1.24
0.0,0.0,3.96,1.25
1.0,1.0,2.1,1.71
1.0,1.0,1.57,2.36
0.0,1.0,1.5,2.54
1.0,0.0,2.04,1.74
0.0,1.0,1.41,2.9
0.0,0.0,2.73,1.45
1.0,0.0,1.65,2.2
1.0,1.0,1.14,5.71
1.0,0.0,1.94,1.84
0.0,0.0,2.2,1.68
1.0,0.0,2.01,1.81
0.0,1.0,1.45,2.65
0.0,1.0,1.48,2.67
1.0,1.0,1.12,6.06
0.0,0.0,3.09,1.36
0.0,0.0,5.38,1.14
0.0,0.0,2.51,1.52
1.0,0.0,1.67,2.17
0.0,0.0,3.48,1.3
1.0,1.0,1.18,4.65
1.0,1.0,1.27,3.7
1.0,1.0,1.2,4.52
0.0,0.0,3.13,1.37
1.0,0.0,1.87,1.88
1.0,0.0,2.11,1.72
0.0,0.0,2.05,1.74
0.0,0.0,2.35,1.59
1.0,1.0,1.52,2.53
1.0,0.0,5.23,1.15
1.0,0.0,3.61,1.3
0.0,0.0,20.09,1.01
1.0,0.0,3.54,1.28
0.0,0.0,3.48,1.29
1.0,1.0,1.95,1.81
0.0,0.0,5.22,1.16
0.0,0.0,4.48,1.2
0.0,0.0,8.59,1.07
0.0,0.0,3.66,1.27
1.0,1.0,1.38,2.97
1.0,1.0,1.1,6.97
1.0,1.0,1.27,3.7
0.0,0.0,3.44,1.3
0.0,0.0,2.63,1.47
1.0,1.0,1.61,2.27
1.0,0.0,2.58,1.5
0.0,0.0,4.79,1.18
0.0,0.0,2.61,1.52
1.0,1.0,1.87,1.88
0.0,1.0,1.96,1.8
1.0,1.0,1.29,3.58
1.0,1.0,1.13,5.95
0.0,1.0,1.35,3.1
0.0,0.0,5.77,1.14
0.0,1.0,1.34,3.18
1.0,0.0,3.45,1.31
1.0,1.0,1.16,5.17
1.0,1.0,1.29,3.5
0.0,1.0,2.31,1.62
1.0,0.0,2.38,1.57
0.0,0.0,1.91,1.89
1.0,0.0,2.99,1.38
1.0,1.0,1.75,2.05
1.0,1.0,1.71,2.11
0.0,0.0,1.88,1.89
0.0,0.0,3.47,1.3
0.0,1.0,1.63,2.31
0.0,0.0,3.59,1.28
0.0,1.0,1.38,2.99
0.0,0.0,5.88,1.13
1.0,1.0,1.25,3.87
1.0,1.0,1.27,3.67
1.0,1.0,1.42,2.78
1.0,0.0,2.02,1.81
1.0,1.0,1.37,3.03
0.0,0.0,5.18,1.16
0.0,0.0,6.0,1.12
0.0,0.0,3.3,1.32
1.0,1.0,1.24,4.13
1.0,0.0,1.64,2.22
1.0,1.0,1.46,2.7
0.0,0.0,1.66,2.18
0.0,0.0,1.66,2.16
0.0,1.0,1.46,2.7
0.0,0.0,2.42,1.56
1.0,1.0,1.46,2.73
0.0,0.0,2.0,1.78
0.0,1.0,1.47,2.62
0.0,1.0,1.36,3.08
0.0,0.0,2.63,1.49
1.0,1.0,1.31,3.33
0.0,0.0,8.18,1.07
1.0,1.0,1.36,3.14
0.0,0.0,3.24,1.34
0.0,1.0,1.05,9.77
0.0,0.0,3.65,1.27
1.0,1.0,1.02,15.12
0.0,0.0,2.05,1.74
1.0,1.0,1.07,8.53
0.0,0.0,9.65,1.05
0.0,0.0,5.01,1.16
0.0,0.0,1.7,2.12
1.0,1.0,1.05,9.87
1.0,0.0,2.79,1.42
0.0,0.0,3.55,1.29
1.0,1.0,1.39,2.93
1.0,0.0,2.58,1.49
0.0,0.0,6.12,1.12
0.0,1.0,1.51,2.57
1.0,0.0,1.47,2.63
0.0,0.0,2.69,1.45
1.0,1.0,1.15,5.24
0.0,1.0,1.49,2.59
0.0,0.0,2.42,1.56
0.0,1.0,1.43,2.81
1.0,1.0,2.08,1.72
0.0,0.0,5.36,1.14
0.0,0.0,2.39,1.57
1.0,0.0,1.44,2.78
0.0,0.0,2.89,1.4
1.0,1.0,1.49,2.59
1.0,1.0,1.14,5.35
1.0,0.0,2.61,1.5
1.0,0.0,2.8,1.42
0.0,0.0,2.19,1.67
1.0,1.0,1.38,3.05
0.0,0.0,2.76,1.42
1.0,1.0,1.85,1.96
0.0,1.0,1.86,1.94
0.0,0.0,3.15,1.34
1.0,1.0,1.1,6.87
0.0,0.0,3.3,1.34
1.0,0.0,1.8,1.99
0.0,0.0,3.44,1.31
0.0,0.0,1.87,1.9
0.0,0.0,3.41,1.31
0.0,0.0,2.71,1.47
1.0,0.0,3.47,1.31
1.0,1.0,1.14,5.86
0.0,1.0,1.38,3.03
1.0,1.0,1.16,5.22
1.0,0.0,4.39,1.21
0.0,0.0,2.44,1.53
1.0,1.0,1.32,3.31
1.0,1.0,1.34,3.2
0.0,0.0,3.61,1.28
1.0,1.0,1.18,4.75
0.0,0.0,4.06,1.23
0.0,1.0,1.36,3.03
1.0,0.0,3.39,1.31
0.0,0.0,3.34,1.32
0.0,0.0,5.23,1.15
0.0,1.0,1.29,3.57
0.0,1.0,1.59,2.36
0.0,1.0,1.58,2.34
1.0,1.0,1.33,3.29
1.0,1.0,1.06,9.01
1.0,1.0,1.3,3.48
0.0,0.0,4.14,1.22
1.0,1.0,1.42,2.87
0.0,1.0,1.72,2.09
0.0,0.0,1.99,1.81
0.0,1.0,1.46,2.7
1.0,1.0,1.3,3.43
1.0,1.0,1.72,2.1
1.0,1.0,1.12,5.86
1.0,0.0,1.68,2.14
0.0,0.0,11.77,1.03
0.0,0.0,3.6,1.29
0.0,0.0,3.58,1.28
0.0,0.0,2.82,1.41
1.0,1.0,2.01,1.8
1.0,1.0,1.42,2.93
1.0,1.0,1.01,16.27
1.0,1.0,1.25,3.97
1.0,0.0,1.99,1.8
0.0,1.0,1.3,3.53
0.0,1.0,1.2,4.57
0.0,0.0,2.15,1.68
1.0,0.0,3.95,1.24
1.0,1.0,1.14,5.48
1.0,1.0,1.27,3.69
0.0,0.0,2.2,1.66
0.0,0.0,2.02,1.78
0.0,1.0,1.89,1.9
1.0,1.0,1.49,2.58
1.0,1.0,1.3,3.5
0.0,0.0,18.72,1.01
0.0,0.0,2.34,1.6
1.0,0.0,2.28,1.63
1.0,1.0,1.34,3.17
0.0,1.0,1.51,2.53
1.0,0.0,2.56,1.51
1.0,0.0,5.58,1.14
0.0,1.0,1.47,2.68
0.0,0.0,2.22,1.63
0.0,0.0,2.5,1.51
0.0,0.0,8.85,1.07
1.0,0.0,3.2,1.34
1.0,1.0,1.05,10.6
0.0,0.0,1.6,2.36
0.0,1.0,2.84,1.43
0.0,0.0,3.25,1.34
1.0,0.0,3.6,1.3
1.0,0.0,1.62,2.29
1.0,1.0,1.87,1.88
0.0,0.0,1.57,2.38
1.0,0.0,1.65,2.19
1.0,0.0,2.24,1.65
0.0,0.0,3.1,1.36
0.0,0.0,2.95,1.4
1.0,1.0,1.26,3.79
0.0,0.0,5.39,1.14
1.0,0.0,2.23,1.63
0.0,0.0,2.4,1.55
1.0,1.0,1.29,3.6
0.0,0.0,1.87,1.88
0.0,1.0,1.7,2.09
0.0,1.0,1.53,2.52
0.0,0.0,4.09,1.24
0.0,0.0,3.57,1.28
1.0,1.0,1.89,1.86
1.0,1.0,1.11,6.27
1.0,1.0,1.15,5.41
0.0,0.0,1.54,2.47
1.0,1.0,1.32,3.43
1.0,0.0,1.72,2.09
0.0,0.0,7.84,1.08
0.0,1.0,1.83,1.93
1.0,1.0,1.05,10.26
0.0,1.0,1.55,2.4
1.0,1.0,1.1,6.56
1.0,1.0,1.02,13.89
1.0,1.0,1.24,3.99
1.0,1.0,1.1,7.09
0.0,1.0,1.77,2.04
1.0,1.0,1.14,5.47
1.0,0.0,2.11,1.71
1.0,0.0,4.57,1.18
1.0,0.0,1.63,2.28
0.0,0.0,2.69,1.45
1.0,1.0,1.06,9.65
1.0,0.0,4.58,1.19
1.0,0.0,9.82,1.05
1.0,1.0,1.51,2.57
0.0,1.0,1.02,14.98
1.0,0.0,2.06,1.76
0.0,0.0,2.86,1.43
0.0,1.0,1.73,2.1
1.0,1.0,1.1,7.18
0.0,1.0,2.08,1.75
0.0,0.0,3.48,1.29
0.0,0.0,2.9,1.4
0.0,0.0,1.67,2.15
1.0,1.0,1.05,9.8
0.0,1.0,1.36,3.1
1.0,0.0,2.34,1.6
0.0,1.0,1.55,2.46
1.0,1.0,1.44,2.73
1.0,1.0,1.41,2.84
1.0,1.0,1.26,3.78
0.0,0.0,2.79,1.41
0.0,0.0,3.19,1.35
0.0,0.0,6.45,1.11
1.0,1.0,1.1,6.99
0.0,0.0,3.2,1.33
1.0,0.0,2.81,1.42
1.0,1.0,1.53,2.49
0.0,1.0,2.02,1.77
1.0,1.0,1.89,1.86
0.0,0.0,2.12,1.72
1.0,1.0,1.49,2.61
1.0,1.0,1.39,2.95
0.0,0.0,8.69,1.07
0.0,0.0,4.09,1.23
1.0,1.0,1.42,2.8
1.0,1.0,1.48,2.65
0.0,1.0,1.51,2.55
0.0,0.0,1.92,1.82
1.0,0.0,2.43,1.54
1.0,1.0,1.02,14.95
0.0,0.0,4.38,1.2
0.0,0.0,2.43,1.53
0.0,0.0,2.4,1.57
0.0,1.0,1.53,2.51
0.0,1.0,2.37,1.55
1.0,0.0,1.57,2.4
0.0,0.0,2.63,1.48
1.0,1.0,1.64,2.22
1.0,1.0,2.0,1.83
1.0,1.0,1.14,5.56
1.0,0.0,2.59,1.49
1.0,1.0,1.42,2.78
1.0,1.0,1.18,4.73
1.0,0.0,3.15,1.35
0.0,0.0,1.38,3.03
0.0,0.0,2.02,1.77
0.0,0.0,3.74,1.28
1.0,1.0,1.32,3.33
1.0,1.0,2.29,1.6
0.0,0.0,2.61,1.48
0.0,0.0,3.09,1.37
1.0,1.0,2.03,1.76
1.0,0.0,1.28,3.54
1.0,1.0,1.27,3.66
0.0,1.0,1.12,5.9
0.0,0.0,1.76,2.03
0.0,0.0,3.03,1.39
0.0,0.0,1.94,1.86
0.0,0.0,5.17,1.16
1.0,1.0,1.27,3.75
0.0,1.0,1.32,3.31
0.0,1.0,1.85,1.9
1.0,0.0,3.1,1.35
1.0,1.0,1.64,2.19
1.0,1.0,1.56,2.38
1.0,0.0,2.61,1.48
0.0,0.0,3.41,1.31
0.0,0.0,5.39,1.14
0.0,1.0,1.29,3.57
0.0,0.0,2.83,1.41
1.0,1.0,1.17,5.03
0.0,0.0,7.86,1.08
0.0,1.0,1.6,2.31
1.0,1.0,1.52,2.52
1.0,0.0,3.5,1.29
1.0,1.0,1.45,2.74
1.0,1.0,1.61,2.29
0.0,0.0,2.2,1.67
0.0,1.0,3.07,1.36
1.0,1.0,1.05,9.69
0.0,0.0,2.47,1.52
0.0,0.0,3.46,1.3
0.0,0.0,2.79,1.44
0.0,0.0,3.71,1.28
0.0,0.0,6.8,1.1
0.0,0.0,2.52,1.53
1.0,0.0,1.96,1.8
0.0,0.0,3.56,1.28
1.0,1.0,1.44,2.78
0.0,1.0,1.53,2.45
1.0,1.0,2.05,1.75
1.0,0.0,2.15,1.68
0.0,1.0,1.2,4.5
1.0,1.0,1.65,2.22
0.0,0.0,2.16,1.7
0.0,1.0,1.41,2.93
0.0,0.0,4.34,1.21
0.0,0.0,2.14,1.71
1.0,1.0,1.85,1.91
0.0,1.0,1.35,3.15
0.0,0.0,7.54,1.09
1.0,0.0,2.17,1.69
0.0,0.0,8.84,1.06
0.0,1.0,1.34,3.25
0.0,0.0,6.75,1.1
1.0,1.0,1.45,2.66
1.0,1.0,1.18,4.71
1.0,1.0,1.25,3.84
0.0,1.0,1.54,2.46
0.0,1.0,1.28,3.71
0.0,1.0,1.99,1.79
1.0,0.0,3.27,1.33
1.0,0.0,1.48,2.58
1.0,1.0,1.12,6.07
1.0,0.0,2.12,1.69
0.0,0.0,1.38,3.05
1.0,1.0,1.32,3.33
0.0,0.0,2.34,1.58
1.0,0.0,2.68,1.45
0.0,0.0,4.21,1.22
1.0,1.0,1.34,3.14
0.0,0.0,2.93,1.4
0.0,0.0,3.32,1.31
0.0,0.0,11.16,1.04
1.0,1.0,1.02,15.89
1.0,1.0,1.35,3.12
0.0,1.0,1.62,2.26
1.0,0.0,1.87,1.9
0.0,1.0,1.95,1.85
0.0,0.0,3.73,1.26
0.0,1.0,2.21,1.66
0.0,0.0,3.41,1.32
0.0,0.0,8.7,1.07
0.0,0.0,12.31,1.03
0.0,1.0,2.98,1.39
0.0,0.0,4.51,1.19
0.0,0.0,2.13,1.72
1.0,1.0,1.91,1.85
1.0,1.0,1.15,5.14
1.0,1.0,2.36,1.57
1.0,0.0,2.79,1.42
0.0,0.0,2.41,1.54
0.0,0.0,2.42,1.56
1.0,1.0,1.42,2.8
0.0,0.0,2.41,1.57
0.0,0.0,1.44,2.75
1.0,1.0,1.15,5.36
0.0,0.0,9.32,1.05
0.0,0.0,2.29,1.61
1.0,0.0,2.55,1.49
1.0,1.0,1.07,8.32
1.0,1.0,1.11,6.72
0.0,1.0,3.37,1.31
0.0,1.0,1.43,2.77
1.0,0.0,2.16,1.68
0.0,0.0,3.74,1.26
0.0,0.0,5.28,1.15
0.0,0.0,4.1,1.22
1.0,1.0,1.56,2.37
1.0,1.0,1.16,5.27
1.0,1.0,1.18,4.62
0.0,1.0,1.15,5.44
1.0,1.0,1.23,4.04
1.0,1.0,1.28,3.67
0.0,1.0,2.09,1.74
0.0,1.0,1.48,2.63
1.0,0.0,3.91,1.25
0.0,1.0,1.72,2.09
1.0,0.0,2.11,1.71
0.0,1.0,1.8,2.03
0.0,0.0,2.29,1.59
1.0,1.0,1.08,7.85
1.0,0.0,2.25,1.62
1.0,0.0,2.09,1.72
0.0,0.0,3.12,1.35
0.0,0.0,3.08,1.37
1.0,1.0,1.24,3.99
1.0,1.0,1.08,7.91
0.0,0.0,5.05,1.16
0.0,1.0,2.23,1.64
1.0,0.0,3.43,1.31
0.0,0.0,1.74,2.07
1.0,1.0,1.56,2.39
1.0,1.0,1.52,2.49
0.0,0.0,2.96,1.37
0.0,0.0,2.62,1.48
0.0,1.0,1.6,2.33
1.0,1.0,1.26,3.74
1.0,1.0,1.26,3.78
0.0,0.0,4.97,1.16
0.0,0.0,5.72,1.13
0.0,1.0,1.35,3.28
0.0,0.0,1.64,2.24
1.0,0.0,2.19,1.66
0.0,0.0,2.77,1.45
0.0,0.0,1.78,1.99
0.0,0.0,2.41,1.56
0.0,1.0,1.41,2.8
1.0,1.0,1.47,2.63
1.0,0.0,1.59,2.33
1.0,0.0,2.42,1.55
0.0,1.0,2.08,1.72
1.0,0.0,2.4,1.54
1.0,1.0,1.21,4.25
1.0,1.0,3.22,1.33
1.0,0.0,1.6,2.31
1.0,1.0,1.15,5.35
1.0,0.0,1.68,2.13
0.0,1.0,1.06,9.06
1.0,1.0,1.48,2.62
1.0,0.0,1.19,4.69
0.0,0.0,1.62,2.26
0.0,0.0,3.89,1.24
1.0,1.0,1.54,2.48
1.0,1.0,1.25,3.88
0.0,0.0,3.59,1.28
0.0,0.0,2.71,1.45
1.0,1.0,1.32,3.28
1.0,1.0,1.45,2.76
1.0,0.0,1.78,2.0
1.0,0.0,4.17,1.22
0.0,0.0,2.57,1.5
0.0,1.0,1.48,2.68
1.0,1.0,1.66,2.22
1.0,0.0,1.67,2.17
1.0,1.0,1.66,2.21
1.0,0.0,2.6,1.47
0.0,0.0,7.76,1.08
1.0,0.0,1.88,1.88
0.0,1.0,1.26,3.81
1.0,1.0,1.1,6.48
1.0,1.0,1.35,3.13
0.0,1.0,1.36,3.16
0.0,1.0,1.3,3.39
1.0,0.0,2.15,1.7
0.0,1.0,1.7,2.13
0.0,0.0,2.41,1.55
0.0,1.0,2.13,1.72
1.0,1.0,1.52,2.5
1.0,1.0,1.24,4.06
0.0,1.0,2.41,1.56
1.0,1.0,1.1,6.91
0.0,0.0,2.0,1.81
1.0,1.0,1.19,4.56
1.0,0.0,2.05,1.77
0.0,1.0,1.21,4.29
0.0,1.0,1.8,1.97
1.0,0.0,3.83,1.25
0.0,1.0,2.84,1.41
0.0,0.0,4.08,1.24
0.0,1.0,1.7,2.17
1.0,0.0,1.47,2.73
1.0,1.0,2.19,1.66
0.0,0.0,13.78,1.03
1.0,0.0,6.52,1.11
1.0,1.0,1.15,5.18
1.0,0.0,2.86,1.41
1.0,1.0,1.24,4.05
0.0,0.0,3.29,1.32
0.0,0.0,2.86,1.42
0.0,0.0,6.38,1.12
1.0,1.0,1.48,2.61
1.0,0.0,2.7,1.45
1.0,0.0,1.89,1.85
0.0,0.0,6.81,1.1
0.0,0.0,5.23,1.15
1.0,0.0,2.18,1.67
1.0,0.0,1.75,2.08
0.0,1.0,1.64,2.25
0.0,0.0,16.81,1.02
1.0,0.0,3.24,1.33
0.0,0.0,11.95,1.03
1.0,0.0,2.64,1.46
1.0,1.0,1.21,4.27
1.0,0.0,15.22,1.02
0.0,0.0,2.14,1.68
0.0,0.0,2.75,1.44
0.0,1.0,1.32,3.4
1.0,1.0,1.02,14.46
0.0,0.0,2.07,1.72
0.0,0.0,4.27,1.22
1.0,1.0,1.3,3.39
1.0,1.0,1.65,2.2
1.0,1.0,1.48,2.66
1.0,0.0,4.95,1.16
1.0,1.0,1.7,2.14
1.0,1.0,1.63,2.23
0.0,0.0,2.89,1.39
1.0,1.0,1.12,6.06
1.0,1.0,1.67,2.18
1.0,0.0,2.18,1.66
0.0,0.0,3.7,1.3
1.0,0.0,1.87,1.89
1.0,1.0,1.06,9.02
1.0,1.0,1.81,2.01
1.0,1.0,1.37,3.08
1.0,1.0,1.29,3.61
0.0,0.0,3.61,1.28
0.0,1.0,1.49,2.53
0.0,0.0,1.82,1.93
0.0,0.0,2.92,1.39
0.0,0.0,12.35,1.03
1.0,1.0,1.57,2.37
1.0,0.0,4.52,1.2
1.0,1.0,1.03,12.61
1.0,1.0,1.43,2.78
1.0,1.0,1.42,2.9
1.0,0.0,2.48,1.53
0.0,0.0,1.95,1.84
0.0,0.0,5.4,1.14
0.0,1.0,1.23,4.01
1.0,1.0,2.48,1.54
0.0,0.0,15.04,1.02
0.0,0.0,2.88,1.4
1.0,1.0,1.71,2.08
1.0,1.0,2.34,1.6
0.0,0.0,3.8,1.26
0.0,0.0,1.84,1.93
0.0,0.0,3.91,1.24
0.0,1.0,2.12,1.69
0.0,0.0,2.52,1.52
1.0,1.0,1.09,7.27
0.0,0.0,1.81,1.93
1.0,1.0,2.04,1.8
1.0,0.0,2.41,1.57
1.0,1.0,1.64,2.23
0.0,0.0,5.06,1.17
0.0,0.0,4.26,1.21
0.0,0.0,4.25,1.23
1.0,1.0,1.35,3.17
0.0,0.0,2.58,1.5
1.0,0.0,2.18,1.65
1.0,1.0,1.11,6.35
1.0,1.0,1.05,9.55
1.0,0.0,1.54,2.42
1.0,1.0,1.55,2.44
1.0,1.0,1.58,2.35
0.0,1.0,1.26,3.77
1.0,0.0,1.99,1.78
1.0,1.0,1.48,2.61
1.0,1.0,1.01,26.02
0.0,1.0,1.53,2.45
0.0,1.0,1.79,2.02
1.0,1.0,1.21,4.26
1.0,1.0,1.37,3.11
0.0,1.0,1.96,1.85
0.0,1.0,2.43,1.56
0.0,1.0,1.96,1.8
1.0,1.0,1.54,2.43
1.0,0.0,1.96,1.84
1.0,1.0,1.67,2.21
1.0,1.0,1.36,3.08
1.0,1.0,1.11,6.76
1.0,0.0,2.52,1.52
1.0,1.0,1.23,4.02
1.0,1.0,1.26,3.74
1.0,0.0,1.68,2.14
1.0,0.0,5.04,1.17
0.0,1.0,1.37,3.01
0.0,1.0,1.55,2.39
0.0,1.0,1.72,2.11
0.0,0.0,2.41,1.57
0.0,1.0,2.5,1.51
1.0,1.0,1.24,4.21
0.0,0.0,1.88,1.96
0.0,1.0,1.53,2.47
0.0,0.0,2.51,1.51
1.0,1.0,1.53,2.54
0.0,1.0,1.39,2.93
1.0,1.0,1.43,2.76
0.0,0.0,3.27,1.32
1.0,1.0,1.75,2.04
0.0,0.0,4.73,1.18
1.0,1.0,1.11,6.44
0.0,1.0,1.48,2.58
0.0,1.0,1.49,2.59
0.0,1.0,1.7,2.1
0.0,0.0,3.6,1.29
0.0,0.0,2.07,1.72
0.0,1.0,1.2,4.54
1.0,1.0,1.37,3.04
1.0,0.0,2.47,1.55
0.0,0.0,4.27,1.22
0.0,1.0,1.84,1.91
0.0,0.0,10.05,1.06
1.0,0.0,1.62,2.28
1.0,0.0,3.75,1.27
0.0,0.0,4.06,1.25
0.0,0.0,3.36,1.32
1.0,1.0,1.96,1.84
0.0,0.0,3.66,1.27
1.0,1.0,1.92,1.89
1.0,1.0,1.09,7.18
0.0,0.0,2.67,1.48
0.0,1.0,1.64,2.22
1.0,1.0,1.16,5.16
1.0,1.0,1.13,5.96
0.0,0.0,4.81,1.17
0.0,0.0,2.28,1.63
1.0,1.0,1.27,3.74
1.0,1.0,1.27,3.64
0.0,0.0,2.48,1.55
1.0,1.0,1.38,2.98
0.0,0.0,2.95,1.38
1.0,1.0,1.29,3.67
1.0,0.0,2.67,1.48
0.0,0.0,2.14,1.7
1.0,1.0,1.55,2.39
0.0,1.0,1.28,3.68
0.0,0.0,1.92,1.85
1.0,1.0,1.15,5.34
1.0,1.0,1.04,10.38
1.0,1.0,1.38,2.99
1.0,1.0,1.38,3.06
1.0,1.0,1.68,2.13
0.0,0.0,4.43,1.21
0.0,0.0,1.59,2.35
1.0,1.0,1.27,3.68
0.0,0.0,2.29,1.61
1.0,1.0,1.49,2.58
0.0,0.0,1.96,1.83
1.0,1.0,1.11,6.07
1.0,1.0,1.28,3.54
0.0,1.0,1.68,2.13
0.0,0.0,1.69,2.11
0.0,0.0,4.64,1.19
0.0,1.0,1.29,3.49
1.0,1.0,1.09,6.96
1.0,1.0,1.34,3.22
1.0,1.0,1.04,10.51
1.0,1.0,1.39,2.9
0.0,0.0,2.98,1.38
1.0,1.0,1.2,4.3
0.0,0.0,2.99,1.38
1.0,1.0,1.61,2.29
0.0,0.0,7.55,1.08
1.0,1.0,2.0,1.78
1.0,1.0,1.43,2.75
0.0,1.0,1.25,3.91
0.0,0.0,3.53,1.29
0.0,0.0,5.92,1.13
0.0,0.0,4.57,1.2
1.0,1.0,1.93,1.88
0.0,0.0,2.67,1.46
1.0,0.0,3.33,1.32
0.0,0.0,2.33,1.59
1.0,1.0,1.59,2.32
1.0,1.0,2.61,1.47
0.0,0.0,8.73,1.07
0.0,0.0,1.91,1.87
0.0,0.0,26.17,1.01
0.0,0.0,1.59,2.32
1.0,1.0,1.12,5.86
1.0,0.0,3.43,1.32
0.0,1.0,2.25,1.62
0.0,0.0,17.87,1.01
1.0,0.0,4.39,1.2
1.0,1.0,1.16,5.19
0.0,0.0,2.27,1.61
0.0,1.0,2.01,1.79
0.0,0.0,2.71,1.47
0.0,1.0,1.61,2.32
0.0,1.0,2.05,1.75
0.0,0.0,3.09,1.35
0.0,1.0,2.11,1.7
0.0,0.0,1.59,2.32
1.0,1.0,1.41,2.81
1.0,1.0,1.3,3.52
0.0,0.0,2.04,1.75
1.0,0.0,1.68,2.18
1.0,1.0,1.34,3.19
0.0,0.0,2.12,1.69
1.0,0.0,2.5,1.51
0.0,0.0,8.26,1.08
1.0,0.0,2.35,1.57
0.0,1.0,2.82,1.43
1.0,0.0,8.61,1.07
0.0,1.0,1.23,4.22
1.0,1.0,1.65,2.23
0.0,1.0,1.17,4.94
1.0,1.0,2.45,1.53
1.0,1.0,1.2,4.49
0.0,0.0,5.21,1.17
1.0,1.0,1.87,1.94
0.0,1.0,1.32,3.33
1.0,1.0,1.43,2.82
0.0,0.0,3.94,1.24
0.0,1.0,1.55,2.42
0.0,0.0,2.74,1.43
0.0,0.0,1.92,1.86
1.0,0.0,1.84,1.97
1.0,1.0,1.25,3.83
1.0,1.0,1.16,5.1
0.0,0.0,1.85,1.95
1.0,1.0,1.3,3.5
0.0,1.0,1.88,1.91
0.0,0.0,2.94,1.4
1.0,1.0,1.83,1.94
0.0,1.0,2.23,1.64
0.0,0.0,1.75,2.05
1.0,1.0,1.08,7.5
0.0,0.0,1.85,1.92
0.0,0.0,2.81,1.41
0.0,0.0,1.95,1.83
0.0,0.0,2.47,1.52
0.0,1.0,2.11,1.7
0.0,0.0,2.8,1.44
1.0,0.0,1.39,2.94
1.0,1.0,1.3,3.5
0.0,1.0,1.32,3.29
0.0,1.0,1.39,2.9
1.0,1.0,1.34,3.22
1.0,0.0,2.26,1.64
1.0,1.0,1.29,3.53
1.0,0.0,3.31,1.32
1.0,1.0,1.7,2.13
0.0,0.0,6.1,1.12
0.0,1.0,1.77,2.0
1.0,1.0,1.38,2.95
0.0,0.0,4.06,1.24
1.0,1.0,1.22,4.16
1.0,1.0,1.7,2.11
1.0,1.0,1.72,2.13
0.0,0.0,1.7,2.14
0.0,0.0,6.22,1.11
1.0,1.0,1.45,2.68
0.0,0.0,1.56,2.38
1.0,1.0,1.11,6.91
0.0,1.0,1.17,4.89
0.0,0.0,1.9,1.89
0.0,0.0,5.34,1.16
0.0,0.0,6.14,1.12
0.0,1.0,2.38,1.59
1.0,0.0,1.91,1.89
0.0,0.0,3.61,1.28
1.0,1.0,1.5,2.57
0.0,1.0,1.76,2.07
1.0,1.0,1.62,2.25
0.0,0.0,1.53,2.52
0.0,0.0,2.23,1.64
1.0,0.0,1.6,2.27
1.0,1.0,1.3,3.41
0.0,0.0,2.06,1.73
0.0,0.0,2.65,1.47
0.0,0.0,6.87,1.1
1.0,1.0,1.22,4.21
0.0,1.0,2.19,1.66
0.0,0.0,3.33,1.31
1.0,0.0,2.09,1.75
1.0,0.0,1.88,1.86
1.0,1.0,1.62,2.23
1.0,0.0,1.82,1.94
0.0,0.0,2.31,1.6
1.0,1.0,1.17,4.84
1.0,0.0,1.75,2.03
0.0,1.0,1.87,1.88
1.0,1.0,1.02,14.62
1.0,1.0,1.06,8.99
0.0,1.0,1.33,3.28
1.0,0.0,1.5,2.61
0.0,0.0,4.49,1.2
1.0,1.0,1.16,5.2
1.0,0.0,3.23,1.34
0.0,0.0,3.3,1.32
1.0,1.0,1.07,8.39
1.0,0.0,1.56,2.39
1.0,1.0,1.37,3.0
1.0,0.0,3.11,1.35
0.0,0.0,2.26,1.61
0.0,0.0,1.79,2.02
0.0,0.0,2.47,1.53
0.0,1.0,1.86,1.92
1.0,1.0,1.08,7.68
0.0,0.0,3.49,1.29
0.0,0.0,4.97,1.17
0.0,0.0,5.38,1.14
0.0,1.0,3.55,1.29
0.0,0.0,4.78,1.18
1.0,1.0,1.29,3.55
1.0,1.0,1.77,2.02
0.0,1.0,2.03,1.77
0.0,1.0,5.68,1.14
0.0,0.0,2.03,1.79
1.0,1.0,1.34,3.24
1.0,1.0,1.17,4.84
1.0,0.0,4.41,1.2
1.0,1.0,1.29,3.5
1.0,1.0,1.1,6.7
0.0,0.0,11.2,1.04
0.0,0.0,8.93,1.06
0.0,0.0,23.31,1.01
1.0,1.0,1.31,3.41
1.0,1.0,1.11,6.42
1.0,1.0,1.68,2.16
0.0,0.0,2.47,1.52
0.0,0.0,4.1,1.24
0.0,0.0,3.61,1.28
1.0,0.0,2.03,1.76
0.0,0.0,1.98,1.79
1.0,1.0,1.38,3.05
1.0,1.0,2.05,1.73
0.0,0.0,2.83,1.41
0.0,0.0,2.45,1.54
0.0,0.0,4.46,1.2
0.0,0.0,3.87,1.25
0.0,0.0,4.02,1.24
0.0,0.0,7.2,1.09
1.0,1.0,1.99,1.8
0.0,0.0,4.33,1.21
0.0,0.0,10.14,1.05
0.0,0.0,2.65,1.47
1.0,0.0,10.05,1.05
0.0,1.0,1.78,2.02
0.0,0.0,3.08,1.36
0.0,0.0,4.37,1.21
1.0,1.0,1.17,4.97
0.0,1.0,2.75,1.44
0.0,0.0,8.49,1.07
0.0,0.0,4.3,1.21
0.0,1.0,1.89,1.9
0.0,0.0,2.17,1.67
0.0,0.0,2.87,1.41
1.0,0.0,16.48,1.02
0.0,1.0,1.29,3.51
1.0,1.0,1.48,2.66
1.0,1.0,1.01,25.7
0.0,0.0,5.01,1.17
1.0,1.0,3.45,1.31
1.0,0.0,6.45,1.12
0.0,0.0,7.03,1.09
0.0,0.0,2.0,1.81
0.0,0.0,1.53,2.46
0.0,0.0,2.4,1.55
1.0,1.0,1.13,5.86
0.0,0.0,2.7,1.44
1.0,0.0,2.36,1.56
1.0,1.0,1.48,2.58
0.0,0.0,4.85,1.17
1.0,1.0,1.34,3.2
1.0,1.0,1.56,2.45
0.0,0.0,3.53,1.28
0.0,0.0,1.87,1.89
1.0,1.0,1.22,4.09
1.0,0.0,2.91,1.41
1.0,1.0,1.44,2.79
1.0,1.0,1.26,3.78
0.0,1.0,1.16,5.24
1.0,1.0,1.51,2.51
0.0,1.0,2.78,1.44
0.0,0.0,1.84,1.97
1.0,1.0,1.16,5.01
0.0,1.0,1.4,2.88
0.0,0.0,4.72,1.18
1.0,1.0,1.1,6.62
1.0,0.0,3.15,1.35
1.0,1.0,1.41,2.89
1.0,1.0,1.21,4.29
0.0,0.0,3.13,1.36
1.0,1.0,1.7,2.14
0.0,0.0,6.46,1.12
1.0,1.0,1.3,3.53
1.0,1.0,1.25,3.94
0.0,1.0,3.25,1.33
0.0,0.0,2.63,1.47
0.0,0.0,3.35,1.32
1.0,0.0,3.79,1.26
1.0,1.0,2.59,1.49
1.0,0.0,3.1,1.37
0.0,1.0,1.27,3.69
1.0,1.0,1.31,3.39
0.0,0.0,3.23,1.35
1.0,1.0,1.25,3.86
1.0,1.0,1.25,3.77
1.0,1.0,1.49,2.57
0.0,1.0,2.58,1.5
1.0,1.0,1.42,2.84
0.0,0.0,8.31,1.07
1.0,0.0,2.81,1.41
0.0,0.0,2.6,1.5
1.0,1.0,1.35,3.18
1.0,0.0,2.6,1.47
0.0,0.0,3.51,1.31
0.0,0.0,8.58,1.07
0.0,0.0,6.88,1.1
1.0,0.0,1.64,2.19
1.0,1.0,1.57,2.35
0.0,0.0,3.36,1.31
0.0,0.0,2.22,1.65
1.0,1.0,1.3,3.53
0.0,0.0,1.59,2.29
0.0,0.0,2.72,1.45
1.0,1.0,1.48,2.58
1.0,1.0,1.08,8.01
0.0,1.0,2.06,1.74
0.0,1.0,1.48,2.63
0.0,0.0,6.83,1.1
1.0,1.0,1.16,5.08
0.0,1.0,2.13,1.7
1.0,0.0,2.43,1.54
0.0,0.0,3.74,1.26
1.0,0.0,3.78,1.27
0.0,0.0,5.05,1.16
0.0,0.0,5.94,1.12
1.0,1.0,1.57,2.35
0.0,0.0,6.79,1.09
1.0,0.0,2.26,1.63
1.0,1.0,1.45,2.77
1.0,1.0,1.27,3.81
0.0,0.0,2.66,1.46
1.0,1.0,1.56,2.36
1.0,0.0,2.67,1.46
0.0,0.0,3.31,1.32
1.0,0.0,3.47,1.3
0.0,0.0,9.15,1.06
0.0,1.0,2.35,1.56
0.0,0.0,4.01,1.24
0.0,0.0,4.9,1.17
0.0,0.0,1.64,2.28
0.0,0.0,3.27,1.34
0.0,0.0,13.93,1.02
0.0,0.0,2.19,1.68
0.0,1.0,1.22,4.3
0.0,0.0,2.3,1.63
0.0,1.0,1.98,1.82
1.0,1.0,1.38,2.96
1.0,1.0,1.3,3.47
1.0,1.0,1.8,1.97
0.0,1.0,1.72,2.09
0.0,0.0,6.0,1.12
1.0,0.0,1.88,1.92
0.0,0.0,3.04,1.39
0.0,0.0,1.7,2.15
1.0,1.0,1.22,4.22
0.0,0.0,2.88,1.4
1.0,1.0,2.14,1.68
1.0,1.0,1.61,2.26
0.0,0.0,2.38,1.55
1.0,0.0,2.1,1.74
0.0,0.0,3.39,1.32
1.0,1.0,1.34,3.32
0.0,1.0,2.64,1.47
1.0,1.0,1.1,6.98
0.0,0.0,5.46,1.14
0.0,0.0,8.15,1.07
1.0,1.0,3.32,1.32
1.0,0.0,1.39,3.0
0.0,1.0,1.31,3.32
0.0,1.0,1.42,2.84
0.0,0.0,10.71,1.05
0.0,0.0,4.09,1.22
1.0,0.0,2.15,1.67
1.0,1.0,1.54,2.42
1.0,0.0,2.53,1.51
1.0,1.0,1.14,6.01
1.0,0.0,1.51,2.51
0.0,0.0,1.66,2.16
1.0,1.0,1.14,5.66
1.0,0.0,1.75,2.05
0.0,0.0,4.17,1.22
0.0,0.0,2.67,1.46
0.0,0.0,3.57,1.29
0.0,0.0,8.54,1.07
1.0,1.0,1.23,4.04
1.0,0.0,3.01,1.37
0.0,1.0,2.29,1.64
0.0,1.0,1.78,2.01
1.0,1.0,1.07,7.95
0.0,1.0,2.19,1.64
0.0,0.0,1.9,1.88
1.0,1.0,1.12,5.98
1.0,1.0,1.24,4.03
1.0,1.0,2.01,1.8
0.0,1.0,1.65,2.22
1.0,1.0,2.31,1.59
0.0,0.0,2.24,1.63
0.0,1.0,1.37,3.04
1.0,0.0,6.65,1.11
1.0,1.0,1.51,2.52
0.0,0.0,3.31,1.32
1.0,0.0,2.39,1.57
0.0,0.0,2.09,1.71
1.0,1.0,1.05,10.39
1.0,0.0,1.3,3.54
0.0,0.0,4.82,1.19
0.0,1.0,1.63,2.25
0.0,1.0,1.86,1.94
1.0,1.0,1.37,3.03
1.0,1.0,1.23,4.06
0.0,0.0,2.32,1.62
0.0,0.0,6.66,1.11
1.0,0.0,2.4,1.57
0.0,0.0,3.99,1.24
0.0,1.0,1.55,2.41
0.0,1.0,1.45,2.77
1.0,1.0,1.25,3.87
1.0,1.0,1.64,2.23
1.0,0.0,3.36,1.31
1.0,0.0,1.58,2.39
0.0,0.0,2.54,1.5
1.0,0.0,4.01,1.23
0.0,0.0,4.34,1.22
1.0,0.0,1.99,1.79
1.0,1.0,1.22,4.32
1.0,0.0,1.57,2.35
1.0,0.0,3.46,1.3
1.0,0.0,3.39,1.33
0.0,1.0,1.01,17.05
0.0,1.0,1.76,2.06
0.0,1.0,2.21,1.64
1.0,1.0,2.19,1.67
0.0,0.0,1.43,2.77
1.0,1.0,1.38,2.98
0.0,1.0,1.04,10.34
0.0,0.0,6.19,1.11
0.0,1.0,1.34,3.2
0.0,0.0,2.15,1.7
0.0,1.0,2.07,1.74
0.0,1.0,1.95,1.81
1.0,0.0,1.52,2.49
1.0,1.0,1.22,4.22
0.0,0.0,1.99,1.81
0.0,1.0,1.24,4.05
1.0,1.0,1.18,4.65
1.0,0.0,3.92,1.24
1.0,0.0,1.71,2.15
0.0,1.0,2.76,1.43
0.0,1.0,1.78,2.02
0.0,0.0,2.8,1.45
0.0,0.0,3.86,1.25
1.0,1.0,1.35,3.21
1.0,0.0,1.53,2.43
0.0,0.0,2.83,1.42
0.0,0.0,12.12,1.03
0.0,1.0,1.68,2.19
0.0,1.0,1.94,1.81
1.0,1.0,1.72,2.1
1.0,1.0,1.45,2.73
1.0,1.0,2.25,1.64
0.0,1.0,1.32,3.29
0.0,0.0,3.52,1.28
1.0,0.0,2.18,1.69
1.0,0.0,2.04,1.79
0.0,0.0,5.0,1.16
0.0,0.0,3.85,1.27
1.0,1.0,1.4,2.94
1.0,0.0,2.19,1.66
1.0,1.0,1.21,4.5
1.0,1.0,1.47,2.68
1.0,1.0,1.56,2.37
0.0,0.0,5.6,1.15
0.0,0.0,14.68,1.02
0.0,0.0,4.04,1.24
0.0,1.0,1.58,2.4
0.0,0.0,3.44,1.31
0.0,0.0,2.36,1.57
0.0,1.0,1.39,2.92
0.0,0.0,6.92,1.09
0.0,0.0,3.08,1.37
0.0,1.0,1.63,2.23
1.0,1.0,1.84,1.92
0.0,1.0,1.66,2.21
1.0,1.0,1.22,4.19
0.0,0.0,2.81,1.41
0.0,0.0,1.73,2.07
1.0,1.0,1.55,2.42
0.0,0.0,6.61,1.11
1.0,0.0,2.68,1.45
0.0,0.0,1.66,2.18
0.0,0.0,2.25,1.62
0.0,0.0,2.75,1.46
1.0,1.0,1.04,11.18
0.0,0.0,4.09,1.23
1.0,1.0,1.38,3.0
0.0,0.0,9.92,1.05
1.0,0.0,1.71,2.12
1.0,1.0,1.23,4.19
0.0,0.0,1.74,2.1
1.0,1.0,1.29,3.53
1.0,0.0,1.48,2.59
0.0,1.0,1.54,2.5
0.0,1.0,1.35,3.24
1.0,1.0,1.03,13.21
0.0,0.0,2.89,1.4
0.0,0.0,2.1,1.71
0.0,0.0,3.61,1.28
0.0,0.0,2.21,1.64
1.0,1.0,1.75,2.03
0.0,1.0,2.18,1.69
0.0,0.0,2.81,1.42
1.0,1.0,1.85,1.96
0.0,1.0,1.47,2.69
0.0,1.0,2.35,1.57
1.0,1.0,1.03,14.2
0.0,0.0,4.59,1.19
1.0,1.0,1.4,2.86
0.0,0.0,2.61,1.49
1.0,0.0,1.5,2.55
1.0,1.0,1.3,3.44
0.0,0.0,3.3,1.34
0.0,1.0,1.59,2.37
0.0,0.0,3.62,1.3
0.0,0.0,3.6,1.29
0.0,0.0,2.15,1.68
1.0,0.0,1.64,2.24
0.0,0.0,2.46,1.54
0.0,1.0,1.43,2.77
0.0,0.0,2.08,1.71
1.0,1.0,1.73,2.09
1.0,1.0,2.08,1.72
1.0,1.0,1.25,3.75
0.0,1.0,1.72,2.08
1.0,1.0,1.26,3.8
0.0,1.0,1.62,2.31
1.0,1.0,1.75,2.09
0.0,0.0,13.3,1.03
1.0,1.0,2.25,1.63
0.0,0.0,2.24,1.62
1.0,0.0,3.27,1.34
1.0,1.0,1.59,2.31
1.0,1.0,1.52,2.47
1.0,0.0,1.64,2.23
1.0,1.0,1.98,1.79
0.0,0.0,7.88,1.08
0.0,0.0,3.09,1.35
1.0,0.0,5.99,1.12
1.0,1.0,1.53,2.56
0.0,0.0,3.55,1.28
0.0,0.0,2.45,1.53
0.0,1.0,2.14,1.68
0.0,0.0,3.21,1.35
1.0,1.0,1.3,3.43
1.0,0.0,2.13,1.69
0.0,0.0,1.78,2.0
1.0,1.0,1.37,3.01
0.0,0.0,3.06,1.37
0.0,0.0,25.87,1.01
0.0,0.0,10.65,1.04
1.0,0.0,3.08,1.37
0.0,0.0,2.71,1.46
1.0,0.0,2.6,1.48
1.0,0.0,3.67,1.28
1.0,0.0,1.67,2.19
1.0,0.0,2.08,1.74
0.0,0.0,2.42,1.54
0.0,0.0,6.76,1.1
1.0,0.0,5.67,1.15
0.0,0.0,3.23,1.34
0.0,0.0,6.22,1.11
0.0,1.0,2.49,1.54
0.0,0.0,2.2,1.64
1.0,1.0,1.69,2.1
1.0,1.0,1.01,19.4
1.0,1.0,1.32,3.37
1.0,0.0,2.07,1.73
0.0,0.0,16.21,1.02
0.0,0.0,4.56,1.19
0.0,0.0,3.09,1.36
1.0,0.0,2.54,1.51
0.0,0.0,3.97,1.24
1.0,1.0,1.94,1.83
0.0,0.0,2.84,1.4
1.0,1.0,1.37,3.03
1.0,0.0,1.58,2.33
0.0,0.0,3.54,1.28
1.0,1.0,1.14,5.36
0.0,1.0,2.36,1.57
0.0,1.0,1.79,1.97
1.0,0.0,1.44,2.8
0.0,0.0,3.15,1.34
0.0,0.0,2.49,1.52
0.0,0.0,2.63,1.49
1.0,1.0,1.37,3.03
1.0,0.0,2.31,1.59
0.0,1.0,3.23,1.34
1.0,1.0,1.91,1.84
0.0,0.0,1.53,2.44
0.0,0.0,1.64,2.25
1.0,1.0,1.86,1.96
0.0,0.0,2.74,1.43
0.0,1.0,1.18,4.87
0.0,0.0,2.09,1.71
1.0,1.0,1.07,8.79
0.0,1.0,2.37,1.57
0.0,1.0,1.63,2.23
0.0,0.0,2.88,1.42
0.0,0.0,2.43,1.54
1.0,0.0,2.54,1.51
1.0,1.0,1.41,2.79
1.0,0.0,2.97,1.39
1.0,1.0,1.15,5.37
0.0,0.0,2.76,1.44
1.0,0.0,2.16,1.67
0.0,1.0,5.39,1.14
1.0,0.0,6.52,1.11
0.0,0.0,2.38,1.56
1.0,0.0,2.56,1.49
1.0,1.0,1.04,13.05
1.0,0.0,2.16,1.7
0.0,0.0,5.06,1.16
0.0,0.0,2.4,1.57
1.0,0.0,2.61,1.49
0.0,0.0,3.42,1.3
0.0,1.0,1.41,2.82
0.0,0.0,7.9,1.08
1.0,0.0,2.55,1.49
1.0,1.0,1.62,2.24
1.0,0.0,3.48,1.3
1.0,1.0,1.18,4.59
1.0,0.0,3.94,1.24
1.0,1.0,1.34,3.17
1.0,0.0,1.3,3.43
0.0,0.0,2.3,1.61
1.0,1.0,1.21,4.22
1.0,1.0,2.29,1.6
1.0,1.0,1.02,13.72
0.0,1.0,1.66,2.21
1.0,1.0,1.96,1.86
1.0,1.0,1.19,4.46
1.0,1.0,1.31,3.32
1.0,1.0,1.44,2.76
0.0,0.0,1.36,3.09
0.0,1.0,2.91,1.39
1.0,1.0,1.55,2.4
0.0,1.0,1.8,1.97
0.0,1.0,1.18,4.58
1.0,1.0,1.09,7.17
0.0,0.0,3.22,1.33
1.0,1.0,1.34,3.34
0.0,0.0,2.51,1.51
1.0,1.0,1.37,3.07
1.0,1.0,2.15,1.68
1.0,1.0,1.61,2.29
1.0,0.0,2.42,1.58
0.0,0.0,1.79,1.98
1.0,1.0,1.22,4.06
1.0,1.0,1.7,2.15
0.0,0.0,2.63,1.47
1.0,1.0,1.02,13.89
1.0,1.0,1.27,3.71
1.0,1.0,1.18,4.76
1.0,0.0,1.82,1.93
0.0,0.0,1.69,2.14
0.0,0.0,2.55,1.5
1.0,1.0,1.22,4.09
0.0,0.0,3.16,1.34
0.0,0.0,2.68,1.47
0.0,0.0,1.97,1.8
0.0,0.0,6.6,1.1
0.0,0.0,4.52,1.2
1.0,1.0,1.26,3.71
1.0,1.0,1.43,2.84
0.0,1.0,1.75,2.1
1.0,1.0,1.58,2.34
0.0,1.0,1.37,3.08
0.0,1.0,1.22,4.25
0.0,0.0,5.88,1.13
1.0,1.0,1.24,4.02
0.0,0.0,2.85,1.41
1.0,1.0,1.79,2.02
0.0,0.0,3.48,1.29
1.0,0.0,5.24,1.15
1.0,1.0,1.57,2.4
0.0,0.0,2.26,1.62
1.0,1.0,1.42,2.88
0.0,1.0,1.68,2.2
1.0,1.0,1.45,2.67
1.0,1.0,1.78,1.99
0.0,1.0,1.79,2.02
0.0,0.0,2.54,1.52
1.0,0.0,5.18,1.16
0.0,0.0,4.14,1.22
0.0,0.0,2.89,1.41
1.0,1.0,1.3,3.47
0.0,0.0,4.96,1.16
1.0,1.0,1.25,3.9
1.0,0.0,1.66,2.18
0.0,0.0,6.76,1.1
0.0,0.0,2.28,1.61
1.0,0.0,5.04,1.16
1.0,1.0,1.63,2.25
1.0,1.0,1.62,2.29
0.0,1.0,1.76,2.09
0.0,0.0,2.81,1.42
1.0,1.0,1.25,3.9
1.0,1.0,1.33,3.34
1.0,1.0,1.62,2.3
0.0,0.0,7.71,1.08
1.0,1.0,1.33,3.26
0.0,1.0,1.64,2.27
1.0,1.0,1.6,2.28
1.0,1.0,1.45,2.75
0.0,0.0,5.88,1.14
0.0,0.0,7.08,1.09
1.0,0.0,1.62,2.29
1.0,1.0,1.42,2.81
0.0,1.0,1.31,3.39
0.0,0.0,2.21,1.64
1.0,1.0,1.71,2.1
0.0,0.0,7.62,1.08
1.0,1.0,1.31,3.35
1.0,0.0,1.84,1.93
0.0,0.0,26.85,1.01
1.0,1.0,1.71,2.1
0.0,1.0,1.17,4.72
1.0,1.0,1.33,3.26
1.0,1.0,1.47,2.63
0.0,0.0,5.47,1.14
1.0,1.0,1.09,7.26
0.0,0.0,2.66,1.46
1.0,1.0,1.22,4.18
0.0,1.0,1.1,6.69
0.0,0.0,2.01,1.77
0.0,0.0,7.54,1.08
0.0,0.0,5.2,1.15
1.0,1.0,1.65,2.23
0.0,1.0,1.27,3.61
0.0,0.0,7.11,1.1
1.0,1.0,1.34,3.23
1.0,1.0,1.72,2.07
0.0,0.0,4.63,1.18
0.0,0.0,2.27,1.6
1.0,1.0,1.27,3.6
1.0,0.0,2.27,1.6
1.0,1.0,1.32,3.29
0.0,0.0,3.68,1.27
0.0,1.0,1.94,1.84
0.0,1.0,1.32,3.46
0.0,1.0,1.63,2.25
1.0,0.0,2.04,1.78
0.0,0.0,11.53,1.04
1.0,1.0,1.56,2.38
0.0,0.0,4.98,1.16
1.0,1.0,1.7,2.15
0.0,0.0,2.98,1.37
0.0,0.0,7.16,1.08
1.0,1.0,1.2,4.49
0.0,0.0,3.05,1.36
0.0,0.0,1.97,1.79
1.0,0.0,4.24,1.21
1.0,1.0,1.15,5.34
1.0,1.0,1.56,2.4
0.0,1.0,2.59,1.49
0.0,0.0,2.14,1.7
1.0,0.0,2.71,1.44
0.0,0.0,2.15,1.69
1.0,1.0,1.33,3.25
0.0,0.0,18.75,1.02
0.0,0.0,3.05,1.37
0.0,0.0,3.15,1.35
0.0,1.0,1.46,2.7
1.0,1.0,1.25,3.99
1.0,1.0,1.61,2.3
1.0,1.0,1.7,2.13
1.0,1.0,2.69,1.47
1.0,1.0,1.2,4.44
1.0,1.0,1.12,6.18
1.0,0.0,4.95,1.16
1.0,0.0,1.68,2.13
0.0,1.0,2.88,1.41
0.0,0.0,2.65,1.48
1.0,1.0,1.23,4.13
0.0,0.0,5.24,1.16
0.0,0.0,5.15,1.16
0.0,0.0,2.05,1.74
0.0,0.0,4.26,1.23
1.0,0.0,2.48,1.52
0.0,0.0,26.65,1.01
0.0,0.0,2.64,1.46
0.0,0.0,7.13,1.1
0.0,1.0,1.65,2.16
1.0,1.0,1.06,9.09
0.0,1.0,1.86,1.96
1.0,1.0,2.13,1.7
0.0,0.0,4.4,1.21
1.0,1.0,1.5,2.51
1.0,1.0,1.48,2.57
0.0,1.0,1.43,2.82
0.0,0.0,2.26,1.61
0.0,0.0,2.09,1.73
0.0,0.0,4.48,1.19
0.0,1.0,1.14,5.56
1.0,1.0,1.35,3.16
0.0,0.0,8.22,1.07
0.0,0.0,2.87,1.4
0.0,1.0,3.0,1.38
1.0,1.0,1.36,3.07
1.0,1.0,1.26,3.84
0.0,0.0,14.96,1.02
0.0,0.0,2.02,1.77
1.0,0.0,4.02,1.23
1.0,1.0,1.72,2.1
0.0,0.0,6.44,1.11
1.0,1.0,1.36,3.09
1.0,1.0,1.16,4.97
0.0,0.0,1.39,2.9
1.0,0.0,15.25,1.02
0.0,0.0,1.47,2.59
1.0,1.0,1.51,2.53
0.0,0.0,7.17,1.09
0.0,0.0,3.26,1.33
0.0,1.0,1.92,1.87
1.0,0.0,3.27,1.33
1.0,1.0,2.07,1.76
1.0,0.0,2.25,1.61
0.0,0.0,3.13,1.35
1.0,0.0,2.09,1.73
1.0,1.0,1.22,4.14
0.0,0.0,3.62,1.28
1.0,1.0,1.3,3.5
1.0,0.0,2.29,1.61
0.0,1.0,2.26,1.61
0.0,0.0,4.73,1.18
0.0,1.0,1.46,2.67
0.0,0.0,2.73,1.45
0.0,0.0,2.7,1.45
1.0,0.0,2.19,1.68
0.0,1.0,1.36,3.1
1.0,1.0,1.89,1.88
1.0,0.0,2.64,1.47
1.0,1.0,1.27,3.76
1.0,0.0,2.15,1.68
0.0,1.0,1.94,1.81
0.0,0.0,2.15,1.71
1.0,1.0,2.08,1.73
1.0,0.0,1.64,2.26
0.0,0.0,3.28,1.31
1.0,1.0,1.82,2.0
0.0,0.0,4.98,1.17
0.0,0.0,2.87,1.42
1.0,1.0,1.51,2.53
1.0,1.0,1.4,2.85
1.0,0.0,2.68,1.45
0.0,0.0,2.37,1.56
1.0,1.0,1.79,1.99
1.0,0.0,2.42,1.54
1.0,1.0,1.2,4.39
1.0,1.0,1.34,3.32
1.0,0.0,1.43,2.83
0.0,0.0,6.83,1.11
1.0,1.0,1.23,4.09
1.0,0.0,3.12,1.36
0.0,0.0,3.23,1.33
1.0,0.0,3.19,1.36
1.0,0.0,1.76,2.01
1.0,0.0,2.08,1.74
0.0,0.0,4.92,1.18
1.0,1.0,1.29,3.57
1.0,0.0,2.25,1.62
1.0,1.0,1.34,3.16
0.0,0.0,3.48,1.29
0.0,0.0,3.89,1.25
0.0,1.0,2.03,1.78
0.0,0.0,3.59,1.3
1.0,1.0,1.09,7.43
1.0,1.0,1.39,2.9
1.0,0.0,3.55,1.3
0.0,1.0,1.38,3.01
1.0,1.0,1.66,2.19
1.0,1.0,1.22,4.13
1.0,0.0,2.59,1.51
0.0,0.0,5.08,1.16
0.0,0.0,1.82,2.0
0.0,0.0,2.57,1.5
0.0,0.0,1.67,2.17
1.0,1.0,1.51,2.58
0.0,1.0,1.39,2.94
0.0,0.0,2.03,1.78
1.0,1.0,1.05,9.64
0.0,0.0,5.76,1.13
1.0,0.0,3.26,1.33
0.0,0.0,2.4,1.56
0.0,0.0,6.99,1.1
1.0,1.0,1.1,6.68
1.0,1.0,1.13,6.15
0.0,1.0,1.11,6.4
1.0,1.0,1.44,2.68
1.0,0.0,2.08,1.71
1.0,1.0,1.34,3.24
0.0,0.0,1.71,2.09
0.0,0.0,2.37,1.56
0.0,1.0,1.59,2.38
1.0,0.0,3.15,1.35
1.0,1.0,1.04,10.51
1.0,0.0,1.75,2.08
1.0,0.0,1.37,3.11
1.0,1.0,1.01,21.86
0.0,1.0,1.46,2.66
1.0,1.0,1.2,4.38
1.0,1.0,1.07,8.54
0.0,1.0,1.78,2.02
1.0,1.0,1.08,8.23
1.0,1.0,1.54,2.42
0.0,0.0,1.6,2.36
0.0,0.0,6.01,1.12
0.0,1.0,2.05,1.73
0.0,0.0,2.66,1.47
0.0,0.0,2.32,1.61
0.0,0.0,2.85,1.41
1.0,1.0,1.29,3.58
1.0,0.0,2.37,1.58
1.0,0.0,1.37,3.08
1.0,1.0,1.73,2.09
0.0,0.0,5.61,1.14
1.0,0.0,4.6,1.19
0.0,1.0,2.02,1.79
1.0,1.0,1.16,5.23
1.0,1.0,1.1,6.76
1.0,0.0,2.53,1.51
0.0,0.0,3.09,1.36
1.0,1.0,1.32,3.33
1.0,0.0,2.37,1.57
0.0,0.0,2.07,1.74
0.0,0.0,5.38,1.14
1.0,0.0,2.24,1.65
0.0,1.0,1.2,4.35
0.0,0.0,23.17,1.01
0.0,0.0,1.93,1.82
1.0,1.0,1.15,5.2
1.0,1.0,3.35,1.31
0.0,1.0,2.97,1.39
0.0,0.0,2.78,1.42
1.0,1.0,1.36,3.04
0.0,0.0,2.66,1.46
1.0,1.0,1.16,4.99
0.0,0.0,4.86,1.17
1.0,1.0,1.31,3.37
1.0,0.0,2.52,1.51
1.0,0.0,2.58,1.49
1.0,1.0,1.78,2.0
0.0,0.0,3.32,1.33
0.0,1.0,1.09,6.92
0.0,0.0,3.4,1.31
1.0,1.0,1.17,4.87
1.0,1.0,1.36,3.05
1.0,1.0,1.04,10.98
1.0,1.0,1.29,3.51
1.0,1.0,1.55,2.42
0.0,0.0,18.56,1.01
0.0,1.0,1.59,2.39
1.0,1.0,1.73,2.05
0.0,1.0,1.17,4.8
0.0,0.0,2.89,1.39
1.0,0.0,2.69,1.46
0.0,0.0,2.82,1.43
1.0,1.0,1.19,4.58
0.0,1.0,5.83,1.13
1.0,0.0,1.41,2.84
0.0,0.0,3.91,1.24
0.0,0.0,2.18,1.67
0.0,0.0,5.58,1.13
1.0,1.0,1.54,2.45
1.0,1.0,1.06,8.74
0.0,0.0,3.16,1.36
1.0,1.0,1.43,2.82
1.0,1.0,1.33,3.36
0.0,1.0,1.73,2.07
0.0,1.0,1.4,2.83
1.0,0.0,7.4,1.09
1.0,0.0,2.22,1.64
0.0,0.0,2.75,1.43
0.0,0.0,3.35,1.32
0.0,0.0,4.01,1.24
0.0,0.0,3.28,1.35
0.0,0.0,2.8,1.42
1.0,1.0,1.18,5.19
1.0,1.0,1.35,3.11
0.0,1.0,1.5,2.63
1.0,0.0,1.52,2.48
0.0,0.0,2.79,1.43
1.0,0.0,4.19,1.22
1.0,0.0,5.15,1.16
0.0,0.0,2.92,1.39
1.0,1.0,1.52,2.55
0.0,1.0,2.21,1.65
0.0,0.0,4.38,1.2
1.0,0.0,2.98,1.38
1.0,1.0,1.01,16.61
0.0,1.0,1.19,4.5
0.0,0.0,5.81,1.12
1.0,1.0,1.45,2.73
0.0,0.0,1.91,1.89
1.0,1.0,1.63,2.26
1.0,1.0,1.58,2.31
1.0,1.0,1.21,4.38
0.0,0.0,11.3,1.04
1.0,0.0,1.48,2.62
0.0,0.0,2.2,1.65
0.0,0.0,2.66,1.48
1.0,0.0,3.87,1.26
1.0,1.0,1.64,2.21
1.0,1.0,1.63,2.26
0.0,0.0,10.09,1.05
0.0,0.0,3.93,1.24
0.0,0.0,3.64,1.3
0.0,1.0,1.46,2.75
1.0,0.0,1.86,1.92
0.0,0.0,5.96,1.12
1.0,1.0,1.56,2.37
1.0,1.0,1.3,3.64
1.0,0.0,2.43,1.57
0.0,0.0,2.33,1.58
0.0,0.0,4.22,1.22
0.0,0.0,3.94,1.25
1.0,0.0,1.68,2.22
1.0,1.0,1.47,2.7
0.0,1.0,1.45,2.69
0.0,1.0,1.85,1.88
1.0,0.0,1.69,2.15
0.0,1.0,1.21,4.24
1.0,1.0,1.12,7.06
1.0,1.0,1.63,2.23
0.0,0.0,5.6,1.14
0.0,0.0,1.37,3.02
1.0,0.0,2.7,1.45
0.0,0.0,6.63,1.1
1.0,0.0,1.7,2.15
1.0,1.0,1.75,2.06
1.0,0.0,2.46,1.54
0.0,0.0,2.46,1.55
0.0,1.0,1.68,2.15
0.0,1.0,1.99,1.78
1.0,0.0,2.17,1.68
1.0,0.0,1.86,1.97
1.0,1.0,1.13,5.81
0.0,0.0,2.69,1.45
0.0,0.0,2.87,1.42
0.0,1.0,1.82,1.94
0.0,0.0,3.18,1.34
0.0,1.0,1.38,2.98
0.0,1.0,1.09,7.49
1.0,0.0,2.05,1.78
1.0,1.0,1.16,5.07
0.0,1.0,2.31,1.59
0.0,1.0,2.49,1.52
0.0,0.0,5.34,1.15
0.0,1.0,1.63,2.26
1.0,0.0,1.58,2.34
0.0,0.0,2.46,1.53
0.0,0.0,2.84,1.41
1.0,1.0,1.23,4.05
1.0,1.0,1.41,2.81
1.0,1.0,1.12,6.13
0.0,0.0,25.99,1.01
1.0,1.0,1.6,2.29
1.0,0.0,1.94,1.82
1.0,1.0,1.5,2.61
0.0,1.0,1.51,2.49
1.0,1.0,1.31,3.33
1.0,0.0,1.87,1.91
0.0,0.0,2.46,1.54
1.0,1.0,1.36,3.05
0.0,1.0,1.37,3.0
1.0,1.0,1.24,3.97
1.0,0.0,2.12,1.69
1.0,1.0,1.22,4.21
0.0,0.0,3.8,1.27
0.0,0.0,2.1,1.73
0.0,0.0,8.63,1.07
1.0,1.0,1.25,4.03
0.0,0.0,1.57,2.36
1.0,1.0,1.45,2.73
1.0,1.0,1.22,4.4
1.0,1.0,1.68,2.14
0.0,0.0,7.38,1.09
0.0,1.0,1.77,2.04
0.0,0.0,6.12,1.12
1.0,1.0,1.31,3.33
0.0,0.0,3.04,1.36
0.0,0.0,2.58,1.5
1.0,1.0,1.59,2.33
0.0,0.0,5.34,1.14
0.0,0.0,3.33,1.32
0.0,1.0,1.25,4.03
1.0,0.0,2.19,1.68
1.0,1.0,1.47,2.64
1.0,1.0,1.52,2.48
1.0,1.0,1.67,2.19
1.0,1.0,1.6,2.27
0.0,0.0,3.98,1.25
0.0,1.0,3.54,1.29
1.0,1.0,1.71,2.1
0.0,1.0,1.7,2.12
1.0,1.0,1.03,13.65
0.0,1.0,1.98,1.82
1.0,1.0,1.02,14.17
0.0,0.0,2.05,1.75
0.0,0.0,2.28,1.6
0.0,1.0,1.44,2.76
0.0,0.0,3.31,1.32
1.0,1.0,1.56,2.39
0.0,0.0,3.24,1.33
0.0,1.0,1.53,2.51
1.0,1.0,1.36,3.16
1.0,1.0,1.38,3.06
0.0,1.0,1.52,2.46
1.0,1.0,1.47,2.64
0.0,1.0,1.38,2.98
0.0,0.0,3.37,1.31
1.0,1.0,2.03,1.76
0.0,1.0,1.21,4.29
0.0,0.0,1.93,1.88
1.0,0.0,1.95,1.82
1.0,1.0,1.05,10.78
1.0,1.0,1.6,2.31
0.0,0.0,1.85,1.9
0.0,0.0,2.22,1.67
0.0,0.0,2.46,1.54
1.0,1.0,1.6,2.4
0.0,0.0,8.61,1.07
0.0,1.0,1.67,2.22
0.0,0.0,3.11,1.37
0.0,0.0,3.05,1.38
1.0,1.0,1.01,16.82
0.0,0.0,1.63,2.26
1.0,1.0,1.49,2.59
1.0,1.0,2.01,1.84
0.0,1.0,1.8,2.0
1.0,1.0,1.11,6.31
0.0,1.0,1.3,3.5
0.0,1.0,1.43,2.72
1.0,0.0,9.32,1.06
0.0,1.0,1.68,2.18
0.0,0.0,2.76,1.44
1.0,1.0,1.51,2.51
0.0,0.0,3.38,1.3
0.0,0.0,5.66,1.14
0.0,0.0,2.93,1.39
0.0,0.0,1.73,2.05
1.0,1.0,1.46,2.72
0.0,0.0,3.78,1.27
1.0,0.0,3.57,1.29
0.0,0.0,2.29,1.6
1.0,1.0,1.51,2.59
1.0,1.0,1.07,8.17
1.0,1.0,1.44,2.76
1.0,1.0,1.58,2.38
1.0,1.0,1.01,20.3
1.0,1.0,1.45,2.74
1.0,1.0,1.4,2.97
0.0,0.0,3.24,1.33
1.0,1.0,1.09,7.17
1.0,1.0,1.45,2.72
0.0,1.0,1.53,2.51
1.0,1.0,1.06,9.42
1.0,1.0,1.76,2.06
0.0,0.0,3.1,1.36
1.0,0.0,1.71,2.1
0.0,0.0,3.04,1.37
0.0,1.0,3.33,1.32
1.0,1.0,1.32,3.33
1.0,0.0,6.79,1.11
1.0,1.0,1.18,4.93
1.0,1.0,2.38,1.56
1.0,1.0,1.34,3.2
0.0,0.0,3.01,1.38
0.0,0.0,3.69,1.28
1.0,1.0,1.61,2.29
0.0,1.0,1.66,2.2
1.0,1.0,1.14,5.75
0.0,1.0,2.95,1.39
0.0,1.0,1.3,3.5
1.0,1.0,1.17,4.81
1.0,1.0,1.45,2.77
1.0,1.0,1.37,3.06
0.0,0.0,1.99,1.78
1.0,1.0,1.11,6.62
1.0,1.0,1.55,2.42
1.0,0.0,2.08,1.72
1.0,0.0,2.33,1.59
0.0,1.0,2.24,1.65
0.0,0.0,1.96,1.82
0.0,0.0,1.61,2.28
1.0,1.0,1.34,3.14
0.0,1.0,1.6,2.28
1.0,1.0,1.73,2.05
1.0,0.0,1.46,2.7
0.0,1.0,1.44,2.8
1.0,1.0,1.66,2.17
1.0,1.0,1.02,13.97
1.0,1.0,1.32,3.34
0.0,1.0,2.49,1.52
0.0,1.0,2.55,1.5
1.0,1.0,1.06,9.17
0.0,0.0,1.62,2.31
1.0,0.0,1.5,2.55
1.0,0.0,5.21,1.16
0.0,1.0,1.3,3.56
0.0,0.0,5.72,1.13
0.0,0.0,1.87,1.89
0.0,1.0,1.48,2.59
0.0,1.0,1.52,2.53
1.0,1.0,2.32,1.6
1.0,1.0,1.37,3.11
0.0,1.0,1.56,2.44
0.0,0.0,6.73,1.11
0.0,0.0,2.25,1.63
1.0,1.0,1.41,2.92
1.0,0.0,3.96,1.25
0.0,0.0,3.92,1.25
0.0,0.0,2.61,1.48
0.0,1.0,2.03,1.79
1.0,1.0,1.86,1.92
0.0,0.0,2.57,1.49
1.0,1.0,1.39,2.95
1.0,1.0,1.16,5.28
0.0,1.0,1.08,7.58
0.0,0.0,3.51,1.3
1.0,0.0,4.56,1.19
1.0,1.0,1.67,2.19
0.0,1.0,1.59,2.37
1.0,1.0,1.3,3.49
1.0,1.0,1.17,4.83
1.0,0.0,3.01,1.38
0.0,0.0,2.65,1.47
1.0,1.0,1.17,4.99
1.0,1.0,2.18,1.65
1.0,1.0,1.44,2.71
1.0,1.0,2.01,1.77
1.0,0.0,1.62,2.3
1.0,1.0,1.99,1.81
0.0,0.0,3.26,1.34
1.0,0.0,1.42,2.78
0.0,0.0,2.33,1.61
0.0,1.0,1.44,2.82
0.0,1.0,1.89,1.87
0.0,0.0,3.9,1.24
1.0,1.0,1.08,8.16
0.0,0.0,5.26,1.16
1.0,0.0,8.42,1.06
0.0,0.0,1.95,1.81
0.0,0.0,14.1,1.02
0.0,1.0,1.1,6.98
0.0,0.0,3.47,1.31
1.0,0.0,2.67,1.46
1.0,1.0,1.16,4.95
0.0,1.0,1.16,4.91
1.0,1.0,2.28,1.65
1.0,1.0,1.19,4.59
0.0,0.0,3.46,1.3
1.0,1.0,2.57,1.49
0.0,0.0,2.63,1.48
0.0,1.0,2.47,1.54
0.0,0.0,3.04,1.38
0.0,1.0,1.56,2.43
0.0,1.0,1.3,3.48
1.0,1.0,1.23,4.08
0.0,1.0,1.17,5.0
0.0,1.0,2.98,1.38
0.0,1.0,1.59,2.34
1.0,1.0,1.22,4.21
1.0,0.0,1.74,2.06
0.0,0.0,18.13,1.01
1.0,1.0,1.97,1.83
0.0,1.0,1.51,2.56
0.0,1.0,1.22,4.35
0.0,0.0,1.62,2.31
0.0,1.0,1.29,3.63
0.0,0.0,2.84,1.41
1.0,1.0,1.53,2.43
1.0,1.0,1.36,3.16
1.0,0.0,2.15,1.69
0.0,1.0,1.81,2.01
0.0,1.0,1.72,2.16
1.0,0.0,2.77,1.42
0.0,0.0,2.02,1.8
0.0,0.0,3.7,1.28
0.0,0.0,2.0,1.79
0.0,0.0,3.34,1.33
1.0,1.0,1.49,2.63
1.0,1.0,1.25,3.88
1.0,0.0,2.41,1.55
1.0,0.0,2.4,1.55
0.0,0.0,5.19,1.16
0.0,0.0,2.13,1.71
0.0,1.0,1.49,2.61
1.0,1.0,1.16,5.37
0.0,0.0,3.51,1.29
1.0,1.0,1.03,12.73
0.0,0.0,3.08,1.36
1.0,0.0,2.3,1.6
1.0,1.0,2.08,1.75
1.0,0.0,2.91,1.39
1.0,0.0,1.63,2.22
1.0,1.0,1.55,2.42
1.0,0.0,2.44,1.55
1.0,1.0,1.38,2.95
1.0,0.0,1.99,1.8
0.0,0.0,6.03,1.12
0.0,0.0,3.78,1.26
0.0,0.0,4.06,1.24
0.0,1.0,1.44,2.72
0.0,1.0,2.52,1.52
0.0,1.0,1.51,2.58
0.0,0.0,2.25,1.63
1.0,1.0,1.27,3.75
0.0,1.0,1.63,2.22
0.0,0.0,1.7,2.1
0.0,1.0,2.83,1.44
0.0,0.0,8.41,1.07
1.0,1.0,1.14,5.29
0.0,0.0,16.22,1.02
1.0,0.0,2.44,1.54
0.0,0.0,2.6,1.5
0.0,0.0,4.77,1.18
1.0,1.0,1.68,2.18
1.0,1.0,1.26,3.89
1.0,0.0,1.57,2.4
1.0,1.0,1.22,4.13
1.0,1.0,1.32,3.32
1.0,1.0,1.32,3.33
0.0,0.0,4.07,1.23
0.0,0.0,3.53,1.29
1.0,0.0,2.07,1.72
0.0,0.0,2.87,1.4
0.0,0.0,2.06,1.75
0.0,0.0,2.67,1.46
1.0,0.0,1.85,1.93
0.0,0.0,2.82,1.42
0.0,1.0,1.39,2.92
1.0,0.0,2.67,1.45
1.0,1.0,1.33,3.2
0.0,0.0,3.92,1.25
0.0,0.0,2.99,1.38
0.0,0.0,4.6,1.19
0.0,1.0,1.35,3.14
1.0,1.0,1.05,10.0
0.0,0.0,4.52,1.19
1.0,1.0,1.05,10.75
0.0,1.0,1.76,2.04
1.0,1.0,1.58,2.35
0.0,0.0,1.83,1.95
1.0,1.0,1.02,14.84
1.0,0.0,1.62,2.26
0.0,0.0,11.27,1.04
1.0,0.0,2.48,1.53
0.0,0.0,3.46,1.3
0.0,1.0,1.25,3.82
1.0,0.0,2.66,1.46
0.0,1.0,2.38,1.56
1.0,1.0,1.43,2.87
0.0,0.0,2.12,1.71
1.0,1.0,1.37,3.09
0.0,1.0,2.17,1.66
0.0,1.0,1.45,2.67
1.0,1.0,1.62,2.3
0.0,1.0,1.51,2.52
1.0,1.0,1.16,5.04
0.0,0.0,2.77,1.42
0.0,1.0,2.03,1.75
0.0,0.0,2.02,1.77
1.0,1.0,2.25,1.63
0.0,1.0,1.32,3.42
1.0,1.0,1.2,4.44
1.0,1.0,1.1,6.64
1.0,1.0,1.44,2.77
1.0,1.0,1.02,13.45
0.0,0.0,6.27,1.12
1.0,1.0,1.6,2.32
0.0,0.0,13.52,1.03
0.0,1.0,1.47,2.65
1.0,0.0,1.79,1.97
0.0,0.0,2.93,1.38
0.0,0.0,3.31,1.31
0.0,1.0,1.52,2.5
0.0,0.0,4.29,1.21
0.0,0.0,2.31,1.6
1.0,0.0,1.8,1.98
1.0,0.0,2.0,1.77
1.0,1.0,1.17,4.88
0.0,0.0,4.56,1.19
1.0,1.0,1.29,3.56
1.0,1.0,1.46,2.69
0.0,0.0,3.39,1.3
0.0,0.0,2.91,1.41
0.0,0.0,4.46,1.2
0.0,0.0,2.54,1.49
0.0,1.0,1.65,2.2
1.0,1.0,1.17,4.76
1.0,1.0,1.19,4.46
0.0,0.0,2.6,1.48
1.0,0.0,2.62,1.47
1.0,1.0,1.29,3.49
0.0,0.0,3.89,1.25
1.0,0.0,2.4,1.57
1.0,0.0,4.92,1.18
0.0,0.0,11.0,1.04
1.0,0.0,2.82,1.41
0.0,0.0,2.39,1.56
1.0,1.0,1.63,2.28
0.0,1.0,1.63,2.21
0.0,0.0,4.88,1.18
1.0,1.0,1.19,4.5
1.0,1.0,1.06,9.77
1.0,0.0,2.71,1.45
0.0,0.0,7.03,1.09
1.0,0.0,3.18,1.36
0.0,0.0,5.27,1.16
0.0,0.0,6.67,1.1
1.0,1.0,1.23,4.09
0.0,0.0,14.87,1.02
0.0,0.0,3.21,1.34
1.0,1.0,1.34,3.21
0.0,0.0,1.36,3.06
0.0,0.0,4.04,1.24
1.0,0.0,1.91,1.86
0.0,0.0,1.94,1.87
1.0,1.0,1.04,11.3
1.0,1.0,1.88,1.9
1.0,0.0,2.31,1.59
0.0,1.0,1.44,2.77
0.0,0.0,1.59,2.36
1.0,0.0,3.63,1.28
1.0,0.0,3.58,1.29
0.0,0.0,2.77,1.43
1.0,1.0,1.22,4.28
0.0,1.0,1.73,2.09
1.0,0.0,3.67,1.27
1.0,1.0,1.94,1.83
0.0,1.0,1.98,1.79
1.0,0.0,2.82,1.42
0.0,0.0,1.71,2.09
0.0,0.0,1.99,1.77
1.0,0.0,1.75,2.04
1.0,1.0,1.22,4.35
1.0,1.0,1.03,13.26
1.0,1.0,1.4,2.88
0.0,0.0,3.97,1.24
0.0,1.0,1.73,2.08
1.0,1.0,1.72,2.08
1.0,1.0,1.45,2.73
0.0,0.0,2.02,1.79
1.0,1.0,1.17,5.03
0.0,0.0,2.23,1.64
1.0,1.0,1.29,3.71
1.0,1.0,1.09,7.26
1.0,0.0,2.22,1.64
0.0,1.0,1.51,2.58
0.0,0.0,1.3,3.48
0.0,0.0,2.86,1.41
1.0,1.0,1.39,2.98
1.0,0.0,2.3,1.59
0.0,0.0,1.84,1.94
1.0,1.0,2.72,1.44
1.0,1.0,1.65,2.25
0.0,0.0,6.79,1.1
1.0,1.0,1.21,4.33
0.0,1.0,1.76,2.06
0.0,0.0,3.47,1.31
0.0,0.0,3.13,1.36
1.0,1.0,1.45,2.66
0.0,1.0,1.19,4.52
0.0,0.0,2.27,1.61
1.0,1.0,1.2,4.42
0.0,0.0,6.79,1.1
0.0,1.0,1.77,2.04
1.0,1.0,1.29,3.54
1.0,1.0,1.3,3.41
0.0,1.0,2.01,1.8
0.0,0.0,2.8,1.44
1.0,0.0,2.6,1.47
0.0,0.0,6.71,1.1
0.0,1.0,1.52,2.52
0.0,1.0,1.28,3.54
0.0,0.0,3.87,1.25
1.0,1.0,1.06,9.02
0.0,1.0,2.52,1.51
1.0,1.0,1.19,4.63
0.0,0.0,1.87,1.92
0.0,0.0,3.94,1.25
1.0,1.0,1.34,3.15
1.0,1.0,1.66,2.18
0.0,1.0,1.97,1.79
0.0,0.0,2.6,1.5
0.0,1.0,1.69,2.12
1.0,0.0,1.94,1.85
0.0,1.0,1.59,2.34
0.0,0.0,1.64,2.2
1.0,1.0,1.69,2.13
0.0,1.0,1.73,2.07
0.0,0.0,2.42,1.54
1.0,0.0,1.81,1.95
0.0,0.0,22.0,1.01
0.0,0.0,2.56,1.51
0.0,0.0,3.63,1.27
1.0,1.0,1.27,3.68
0.0,1.0,2.07,1.73
0.0,0.0,6.41,1.11
0.0,1.0,1.66,2.2
0.0,1.0,1.38,2.97
0.0,0.0,2.39,1.57
0.0,0.0,8.75,1.06
1.0,1.0,1.36,3.12
1.0,1.0,1.11,6.49
0.0,1.0,1.55,2.42
1.0,0.0,2.96,1.38
0.0,1.0,1.24,3.93
0.0,1.0,1.76,2.06
0.0,1.0,1.77,2.01
1.0,0.0,2.03,1.79
0.0,1.0,1.5,2.54
1.0,1.0,1.05,11.47
1.0,1.0,1.34,3.22
1.0,0.0,6.87,1.1
1.0,1.0,1.47,2.6
1.0,1.0,1.75,2.04
0.0,0.0,2.09,1.72
1.0,1.0,1.42,2.86
1.0,0.0,3.43,1.32
1.0,1.0,1.23,4.03
0.0,0.0,3.75,1.26
1.0,1.0,1.03,13.0
1.0,1.0,1.55,2.38
0.0,1.0,1.55,2.47
1.0,1.0,1.38,3.0
0.0,0.0,3.28,1.33
1.0,0.0,2.82,1.42
0.0,0.0,4.41,1.22
0.0,0.0,2.33,1.59
1.0,1.0,2.38,1.56
1.0,1.0,2.05,1.78
0.0,0.0,7.43,1.09
0.0,0.0,20.75,1.01
1.0,1.0,1.51,2.54
1.0,0.0,5.07,1.16
1.0,1.0,1.13,6.12
0.0,0.0,2.59,1.48
1.0,1.0,1.27,3.87
1.0,1.0,1.62,2.27
0.0,1.0,1.33,3.25
1.0,0.0,2.53,1.51
1.0,0.0,1.58,2.35
1.0,1.0,1.32,3.37
1.0,1.0,1.39,2.93
0.0,0.0,1.88,1.93
0.0,0.0,12.72,1.03
1.0,0.0,3.03,1.37
1.0,0.0,1.49,2.56
0.0,1.0,2.17,1.69
1.0,1.0,1.02,16.35
0.0,1.0,1.99,1.8
1.0,0.0,3.63,1.27
0.0,0.0,2.87,1.41
1.0,0.0,1.64,2.22
1.0,1.0,1.56,2.41
0.0,0.0,2.55,1.5
1.0,0.0,7.88,1.08
0.0,0.0,2.4,1.54
0.0,0.0,2.02,1.77
1.0,1.0,1.11,6.49
1.0,1.0,1.98,1.83
1.0,1.0,1.52,2.51
1.0,1.0,1.36,3.01
0.0,0.0,2.21,1.64
1.0,1.0,1.19,4.46
0.0,0.0,1.9,1.87
1.0,1.0,1.24,4.01
1.0,1.0,1.08,7.46
0.0,0.0,3.9,1.26
1.0,1.0,1.36,3.15
1.0,1.0,2.17,1.68
1.0,1.0,1.43,2.75
0.0,0.0,3.72,1.26
1.0,0.0,3.11,1.36
0.0,1.0,1.52,2.55
1.0,0.0,2.46,1.55
1.0,1.0,1.98,1.83
1.0,0.0,1.37,3.08
1.0,0.0,2.36,1.59
1.0,1.0,2.24,1.63
1.0,1.0,2.07,1.73
0.0,0.0,1.38,3.01
0.0,0.0,2.51,1.53
0.0,0.0,2.91,1.41
0.0,0.0,3.08,1.37
0.0,0.0,1.43,2.81
0.0,0.0,2.55,1.51
1.0,0.0,1.76,2.08
0.0,0.0,4.09,1.23
1.0,1.0,1.35,3.14
1.0,0.0,1.68,2.19
0.0,0.0,2.94,1.38
0.0,0.0,2.76,1.44
1.0,0.0,2.19,1.68
1.0,1.0,1.14,5.64
1.0,1.0,1.27,3.65
1.0,0.0,4.65,1.18
0.0,0.0,2.3,1.61
0.0,0.0,1.76,2.07
1.0,1.0,1.62,2.23
1.0,1.0,1.48,2.58
0.0,0.0,2.06,1.74
0.0,1.0,1.33,3.33
1.0,1.0,1.68,2.19
1.0,1.0,1.32,3.35
0.0,0.0,3.39,1.31
0.0,0.0,3.61,1.27
0.0,1.0,1.32,3.37
1.0,0.0,2.88,1.4
0.0,0.0,2.35,1.6
0.0,0.0,2.99,1.38
1.0,0.0,1.42,2.8
1.0,1.0,1.36,3.04
1.0,1.0,1.05,9.22
0.0,0.0,5.56,1.14
1.0,1.0,1.89,1.92
1.0,1.0,1.71,2.13
1.0,1.0,1.19,4.7
1.0,1.0,1.37,3.11
1.0,1.0,1.22,4.11
1.0,0.0,1.83,1.97
0.0,0.0,2.99,1.36
1.0,1.0,1.14,5.57
0.0,0.0,2.82,1.41
0.0,1.0,1.88,1.86
1.0,1.0,1.27,3.63
0.0,0.0,21.17,1.01
1.0,0.0,1.8,1.97
1.0,1.0,1.59,2.3
0.0,1.0,1.76,2.06
1.0,1.0,1.1,6.99
1.0,1.0,1.94,1.84
1.0,1.0,1.32,3.29
1.0,1.0,1.38,3.07
0.0,1.0,1.99,1.83
1.0,1.0,1.26,3.74
1.0,0.0,6.6,1.11
1.0,1.0,1.25,4.09
1.0,1.0,1.38,2.95
1.0,0.0,4.46,1.2
1.0,1.0,1.67,2.19
0.0,0.0,4.73,1.18
1.0,0.0,1.53,2.44
0.0,1.0,3.36,1.32
1.0,0.0,1.56,2.4
1.0,1.0,1.92,1.84
1.0,1.0,1.42,2.79
1.0,1.0,1.64,2.28
0.0,1.0,1.01,20.78
1.0,0.0,1.73,2.1
0.0,0.0,3.62,1.28
1.0,0.0,1.63,2.28
0.0,0.0,1.8,1.97
0.0,1.0,2.87,1.41
1.0,1.0,1.46,2.66
1.0,1.0,1.78,2.01
0.0,0.0,2.92,1.4
0.0,0.0,10.7,1.05
0.0,0.0,18.09,1.01
0.0,1.0,1.43,2.81
0.0,1.0,1.27,3.71
1.0,1.0,1.43,2.74
0.0,0.0,3.47,1.3
0.0,0.0,12.72,1.03
0.0,1.0,1.11,6.57
1.0,1.0,1.52,2.53
1.0,1.0,1.55,2.37
0.0,0.0,6.73,1.1
0.0,1.0,1.95,1.8
0.0,0.0,5.8,1.13
0.0,1.0,1.16,5.15
0.0,0.0,9.87,1.06
0.0,0.0,1.98,1.82
1.0,0.0,2.43,1.54
0.0,1.0,1.26,3.7
1.0,1.0,1.13,5.98
1.0,0.0,2.03,1.79
0.0,0.0,2.08,1.71
1.0,1.0,2.5,1.52
1.0,0.0,2.48,1.53
0.0,1.0,1.68,2.14
0.0,1.0,1.23,4.05
1.0,1.0,1.41,2.83
1.0,0.0,3.35,1.31
1.0,1.0,1.32,3.3
1.0,0.0,2.56,1.48
0.0,0.0,1.55,2.45
0.0,1.0,4.13,1.22
1.0,1.0,1.27,3.58
1.0,1.0,1.33,3.28
1.0,0.0,10.98,1.04
1.0,0.0,2.62,1.49
1.0,1.0,1.47,2.62
1.0,1.0,1.03,14.15
0.0,0.0,2.39,1.55
0.0,0.0,3.11,1.36
0.0,1.0,1.86,1.89
0.0,0.0,2.06,1.74
1.0,0.0,2.24,1.62
1.0,1.0,1.06,9.34
1.0,0.0,2.68,1.46
0.0,1.0,1.16,5.17
0.0,1.0,2.16,1.69
1.0,1.0,1.73,2.06
1.0,1.0,1.33,3.19
1.0,1.0,1.33,3.3
0.0,0.0,1.75,2.04
0.0,0.0,2.24,1.66
0.0,0.0,5.82,1.13
0.0,0.0,12.0,1.03
0.0,0.0,2.03,1.78
0.0,0.0,2.8,1.44
1.0,1.0,1.22,4.25
1.0,1.0,1.35,3.14
0.0,0.0,2.31,1.59
0.0,0.0,1.87,1.89
1.0,1.0,1.01,16.74
1.0,1.0,1.58,2.34
0.0,0.0,2.01,1.76
1.0,1.0,1.17,4.94
1.0,1.0,1.65,2.18
0.0,1.0,1.07,8.19
0.0,1.0,1.56,2.45
0.0,0.0,2.18,1.66
1.0,0.0,3.76,1.26
0.0,1.0,1.83,1.93
0.0,0.0,3.22,1.34
1.0,1.0,1.2,4.58
1.0,0.0,1.54,2.43
0.0,0.0,5.52,1.15
0.0,1.0,1.32,3.27
1.0,1.0,1.25,3.95
1.0,1.0,1.59,2.36
1.0,1.0,1.59,2.3
1.0,1.0,1.11,6.61
0.0,1.0,1.87,1.88
0.0,0.0,5.39,1.14
0.0,0.0,3.14,1.37
0.0,1.0,1.33,3.24
1.0,1.0,1.1,7.0
0.0,0.0,1.85,1.92
0.0,0.0,2.62,1.49
1.0,1.0,1.45,2.68
0.0,0.0,2.7,1.45
1.0,1.0,1.25,3.93
0.0,0.0,3.55,1.31
0.0,1.0,1.09,7.33
0.0,1.0,1.47,2.67
0.0,1.0,1.4,2.88
1.0,1.0,1.23,4.14
1.0,1.0,1.06,9.07
0.0,0.0,2.61,1.47
0.0,0.0,2.63,1.48
0.0,0.0,3.26,1.32
1.0,1.0,1.58,2.35
1.0,0.0,1.36,3.05
